call_id,run_id,period,agent_id,task_type,provider,model_id,prompt_version,prompt_hash,temperature,attempt,latency_seconds,status,error_type,error_message
1d857d10792d25fb-9d11cdead1e9-p1-bank_0-loan_evaluation_firm_1-a0,1d857d10792d25fb-9d11cdead1e9,1,bank_0,loan_evaluation_firm_1,ollama,deepseek-r1:8b,0.1,69a99cbc2c23b65ba459cf1089232c59396b81bb5441cb68765ee9effc218cb3,0.0,0,4.07620354113169,success,,
1d857d10792d25fb-9d11cdead1e9-p1-bank_0-loan_evaluation_firm_2-a0,1d857d10792d25fb-9d11cdead1e9,1,bank_0,loan_evaluation_firm_2,ollama,deepseek-r1:8b,0.1,4d666a94a107ed54caa9c089ada1d857a123a9b73d50ac86832744607a5b630e,0.0,0,12.723365958081558,success,,
1d857d10792d25fb-9d11cdead1e9-p1-bank_1-loan_evaluation_firm_2-a0,1d857d10792d25fb-9d11cdead1e9,1,bank_1,loan_evaluation_firm_2,ollama,deepseek-r1:8b,0.1,11eeca43fbd537daee88cf68d69eb04981a14094af9f2ed92879efa748350733,0.0,0,8.047478166874498,success,,
1d857d10792d25fb-9d11cdead1e9-p1-bank_1-loan_evaluation_firm_1-a0,1d857d10792d25fb-9d11cdead1e9,1,bank_1,loan_evaluation_firm_1,ollama,deepseek-r1:8b,0.1,a528ab065e4beef7573408ac44c12486339a35a6915f49bdd54cbe629796f6bb,0.0,0,16.53127987496555,success,,
1d857d10792d25fb-9d11cdead1e9-p1-firm_0-credit_demand-a0,1d857d10792d25fb-9d11cdead1e9,1,firm_0,credit_demand,ollama,deepseek-r1:8b,0.1,65828fcfca4acac58d3b9f39c921c5d4bd46d18cce5c600b6f1d49335dae0b9f,0.0,0,3.5983401669654995,success,,
1d857d10792d25fb-9d11cdead1e9-p1-firm_1-credit_demand-a0,1d857d10792d25fb-9d11cdead1e9,1,firm_1,credit_demand,ollama,deepseek-r1:8b,0.1,b148a47e2e1c2e7ff614789a80c9c30c97669c1055884b575c6e2ac82a3e954a,0.0,0,6.347468083025888,success,,
1d857d10792d25fb-9d11cdead1e9-p1-firm_2-credit_demand-a0,1d857d10792d25fb-9d11cdead1e9,1,firm_2,credit_demand,ollama,deepseek-r1:8b,0.1,84ebf6510907ccd211d8da9ca1bc9720dc6156e10c9ebe1766fcde5a6894df33,0.0,0,10.625994208967313,success,,
61f446b3dddc4f90-621c374a0856-p1-bank_0-loan_evaluation_firm_1-a0,61f446b3dddc4f90-621c374a0856,1,bank_0,loan_evaluation_firm_1,ollama,deepseek-r1:8b,0.1,49391dfe1caf628407031fee7f1c7cb36c21ae589f83c8d524e227817eb90ca4,0.0,0,10.700782834086567,success,,
61f446b3dddc4f90-621c374a0856-p1-bank_0-loan_evaluation_firm_2-a0,61f446b3dddc4f90-621c374a0856,1,bank_0,loan_evaluation_firm_2,ollama,deepseek-r1:8b,0.1,0d7ec2809a923a1c931a1406a419ea4d394c6bfd60513d1f399f190ee485ae33,0.0,0,14.538620583014563,success,,
61f446b3dddc4f90-621c374a0856-p1-bank_1-loan_evaluation_firm_2-a0,61f446b3dddc4f90-621c374a0856,1,bank_1,loan_evaluation_firm_2,ollama,deepseek-r1:8b,0.1,361bd760e9256272c6c339e5a87df9af5185ec5d73e90d2158df36d9119eacab,0.0,0,4.259254459058866,success,,
61f446b3dddc4f90-621c374a0856-p1-bank_1-loan_evaluation_firm_1-a0,61f446b3dddc4f90-621c374a0856,1,bank_1,loan_evaluation_firm_1,ollama,deepseek-r1:8b,0.1,f7107204faf44fabb357654fafd8136e58c997d32bac59f606384823d53a22a2,0.0,0,7.595791707979515,success,,
61f446b3dddc4f90-621c374a0856-p1-firm_0-credit_demand-a0,61f446b3dddc4f90-621c374a0856,1,firm_0,credit_demand,ollama,deepseek-r1:8b,0.1,283961cb176b44543ad3325b7c7b62191ae07e8e272c91b23d0b72c8f7a29b14,0.0,0,5.8872525410261005,success,,
61f446b3dddc4f90-621c374a0856-p1-firm_1-credit_demand-a0,61f446b3dddc4f90-621c374a0856,1,firm_1,credit_demand,ollama,deepseek-r1:8b,0.1,ee874108a430a9dd69f8f661d36107c6cf54bf3c52a7944ac6b4d5d96d252edd,0.0,0,13.196452833013609,success,,
61f446b3dddc4f90-621c374a0856-p1-firm_2-credit_demand-a0,61f446b3dddc4f90-621c374a0856,1,firm_2,credit_demand,ollama,deepseek-r1:8b,0.1,be92ff7c62af3c944bdd57bb7f96fe683113fd2c91a80b475e34e9e9f0f10346,0.0,0,10.332990625174716,success,,
99fe3478253e0801-9baeec73e144-p1-bank_0-loan_evaluation_firm_1-a0,99fe3478253e0801-9baeec73e144,1,bank_0,loan_evaluation_firm_1,ollama,deepseek-r1:8b,0.1,ff7be7b6b4ad1ccc8d9dcb1a1b98bd2b2594cca5e61cdd4ef662b40930e09f92,0.0,0,7.856971583794802,success,,
99fe3478253e0801-9baeec73e144-p1-bank_0-loan_evaluation_firm_2-a0,99fe3478253e0801-9baeec73e144,1,bank_0,loan_evaluation_firm_2,ollama,deepseek-r1:8b,0.1,9e78720ea1c10f6dd87f1caa72837ac3fcabba0fbb59c0b853540f59aa3f9af9,0.0,0,10.845373708056286,success,,
99fe3478253e0801-9baeec73e144-p1-bank_1-loan_evaluation_firm_1-a0,99fe3478253e0801-9baeec73e144,1,bank_1,loan_evaluation_firm_1,ollama,deepseek-r1:8b,0.1,297a60a6ff38a41296c5d961f65a93cbb817bf33243ca048df06398f14d3c78d,0.0,0,4.564544000197202,success,,
99fe3478253e0801-9baeec73e144-p1-bank_1-loan_evaluation_firm_2-a0,99fe3478253e0801-9baeec73e144,1,bank_1,loan_evaluation_firm_2,ollama,deepseek-r1:8b,0.1,dd1274c97c80ca89b360b1572212863e99ffabea9641a75505be0376bcdbaaa1,0.0,0,17.850555875105783,success,,
99fe3478253e0801-9baeec73e144-p1-firm_0-credit_demand-a0,99fe3478253e0801-9baeec73e144,1,firm_0,credit_demand,ollama,deepseek-r1:8b,0.1,8d9a8c997354c380d63fd18e7908db870699ba842eb517d6c02bdacd4ca366a5,0.0,0,3.2891742079518735,success,,
99fe3478253e0801-9baeec73e144-p1-firm_1-credit_demand-a0,99fe3478253e0801-9baeec73e144,1,firm_1,credit_demand,ollama,deepseek-r1:8b,0.1,3a7c22958725a17eb22cbb01871f47b8d22063e6e42f205b61fcf48df59abaa3,0.0,0,6.166710541816428,success,,
99fe3478253e0801-9baeec73e144-p1-firm_2-credit_demand-a0,99fe3478253e0801-9baeec73e144,1,firm_2,credit_demand,ollama,deepseek-r1:8b,0.1,05878ae1d73188b1b57bc7eb5bdc14d5e0af3d71b3f9fad1ac8e42098d1ca4d4,0.0,0,10.692207375075668,success,,
a20f19fcdf31e07d-53f7b05f630f-p1-bank_0-loan_evaluation_firm_1-a0,a20f19fcdf31e07d-53f7b05f630f,1,bank_0,loan_evaluation_firm_1,ollama,deepseek-r1:8b,0.1,7dd72b732221bf7085a570c17fd7d9aae9c75dcba5d581ec175d1c142fc2e506,0.0,0,30.6569849580992,success,,
a20f19fcdf31e07d-53f7b05f630f-p1-bank_0-loan_evaluation_firm_2-a0,a20f19fcdf31e07d-53f7b05f630f,1,bank_0,loan_evaluation_firm_2,ollama,deepseek-r1:8b,0.1,4f7a357132169c9533faee4fcca9714b5c1fedbbf859d06a53494b6d7af196d1,0.0,0,37.28003045800142,success,,
a20f19fcdf31e07d-53f7b05f630f-p1-bank_1-loan_evaluation_firm_1-a0,a20f19fcdf31e07d-53f7b05f630f,1,bank_1,loan_evaluation_firm_1,ollama,deepseek-r1:8b,0.1,423d718fd3a85b114de4bd7202177c8919fa414e967d635ddf6977da44af6c4f,0.0,0,4.187003792030737,success,,
a20f19fcdf31e07d-53f7b05f630f-p1-bank_1-loan_evaluation_firm_2-a0,a20f19fcdf31e07d-53f7b05f630f,1,bank_1,loan_evaluation_firm_2,ollama,deepseek-r1:8b,0.1,ee9dfe8664393a0325529550151f9a6156d5a2368241bc6ac76b689ba670bcec,0.0,0,17.24835225008428,success,,
a20f19fcdf31e07d-53f7b05f630f-p1-firm_0-credit_demand-a0,a20f19fcdf31e07d-53f7b05f630f,1,firm_0,credit_demand,ollama,deepseek-r1:8b,0.1,283961cb176b44543ad3325b7c7b62191ae07e8e272c91b23d0b72c8f7a29b14,0.0,0,9.788423958001658,success,,
a20f19fcdf31e07d-53f7b05f630f-p1-firm_1-credit_demand-a0,a20f19fcdf31e07d-53f7b05f630f,1,firm_1,credit_demand,ollama,deepseek-r1:8b,0.1,ee874108a430a9dd69f8f661d36107c6cf54bf3c52a7944ac6b4d5d96d252edd,0.0,0,12.988441500114277,success,,
a20f19fcdf31e07d-53f7b05f630f-p1-firm_2-credit_demand-a0,a20f19fcdf31e07d-53f7b05f630f,1,firm_2,credit_demand,ollama,deepseek-r1:8b,0.1,be92ff7c62af3c944bdd57bb7f96fe683113fd2c91a80b475e34e9e9f0f10346,0.0,0,6.7415304579772055,success,,
cd8dab642b5773ae-27c4779128f9-p1-bank_0-loan_evaluation_firm_2-a0,cd8dab642b5773ae-27c4779128f9,1,bank_0,loan_evaluation_firm_2,ollama,deepseek-r1:8b,0.1,6fbc707fbe41ed612112b64c8355e70cd6ed41e1f781f1be05a506ea6cfa606c,0.0,0,6.451042791828513,success,,
cd8dab642b5773ae-27c4779128f9-p1-bank_0-loan_evaluation_firm_1-a0,cd8dab642b5773ae-27c4779128f9,1,bank_0,loan_evaluation_firm_1,ollama,deepseek-r1:8b,0.1,2265e1224a121951df9edb7af4635abe30bc7c81cbd5cf7449ddf9466eddcb12,0.0,0,20.864243084099144,success,,
cd8dab642b5773ae-27c4779128f9-p1-bank_1-loan_evaluation_firm_2-a0,cd8dab642b5773ae-27c4779128f9,1,bank_1,loan_evaluation_firm_2,ollama,deepseek-r1:8b,0.1,7feaa217efedbc37e50559b0c98ea0624ab871603dfe6bc5ab356be000786f76,0.0,0,11.878598332870752,success,,
cd8dab642b5773ae-27c4779128f9-p1-bank_1-loan_evaluation_firm_1-a0,cd8dab642b5773ae-27c4779128f9,1,bank_1,loan_evaluation_firm_1,ollama,deepseek-r1:8b,0.1,3bfe574084ce900cc1ef37a30ffbf24f9185e6ac9405d15d92ef4f1806ad10ad,0.0,0,25.57590200006962,success,,
cd8dab642b5773ae-27c4779128f9-p1-firm_0-credit_demand-a0,cd8dab642b5773ae-27c4779128f9,1,firm_0,credit_demand,ollama,deepseek-r1:8b,0.1,65828fcfca4acac58d3b9f39c921c5d4bd46d18cce5c600b6f1d49335dae0b9f,0.0,0,6.524640208110213,success,,
cd8dab642b5773ae-27c4779128f9-p1-firm_1-credit_demand-a0,cd8dab642b5773ae-27c4779128f9,1,firm_1,credit_demand,ollama,deepseek-r1:8b,0.1,b148a47e2e1c2e7ff614789a80c9c30c97669c1055884b575c6e2ac82a3e954a,0.0,0,3.947897291975096,success,,
cd8dab642b5773ae-27c4779128f9-p1-firm_2-credit_demand-a0,cd8dab642b5773ae-27c4779128f9,1,firm_2,credit_demand,ollama,deepseek-r1:8b,0.1,84ebf6510907ccd211d8da9ca1bc9720dc6156e10c9ebe1766fcde5a6894df33,0.0,0,11.30923808296211,success,,
ee10de39eabb069d-d46c31280097-p1-bank_0-loan_evaluation_firm_1-a0,ee10de39eabb069d-d46c31280097,1,bank_0,loan_evaluation_firm_1,ollama,deepseek-r1:8b,0.1,f2e403e505f9abe9685a403beb10f4af93045cb18d72d986abd4b7829e98ad22,0.0,0,12.055860582971945,success,,
ee10de39eabb069d-d46c31280097-p1-bank_0-loan_evaluation_firm_2-a0,ee10de39eabb069d-d46c31280097,1,bank_0,loan_evaluation_firm_2,ollama,deepseek-r1:8b,0.1,2f731cc8dad73d2d6505fd954b8f8122fac8003ecb37dc6e1a28f68c03369345,0.0,0,19.424788458971307,success,,
ee10de39eabb069d-d46c31280097-p1-bank_1-loan_evaluation_firm_2-a0,ee10de39eabb069d-d46c31280097,1,bank_1,loan_evaluation_firm_2,ollama,deepseek-r1:8b,0.1,a5cb9592d33fdb90d11c872afd719fbde9e6177430f5a0ddd35c0d9200d5fc76,0.0,0,6.9826974999159575,success,,
ee10de39eabb069d-d46c31280097-p1-bank_1-loan_evaluation_firm_1-a0,ee10de39eabb069d-d46c31280097,1,bank_1,loan_evaluation_firm_1,ollama,deepseek-r1:8b,0.1,770f1c156515bbd170f9eaae500b2e985b6e99019cdd8dd482bee523755494ca,0.0,0,24.861812208080664,success,,
ee10de39eabb069d-d46c31280097-p1-firm_0-credit_demand-a0,ee10de39eabb069d-d46c31280097,1,firm_0,credit_demand,ollama,deepseek-r1:8b,0.1,8d9a8c997354c380d63fd18e7908db870699ba842eb517d6c02bdacd4ca366a5,0.0,0,4.04909750004299,success,,
ee10de39eabb069d-d46c31280097-p1-firm_1-credit_demand-a0,ee10de39eabb069d-d46c31280097,1,firm_1,credit_demand,ollama,deepseek-r1:8b,0.1,3a7c22958725a17eb22cbb01871f47b8d22063e6e42f205b61fcf48df59abaa3,0.0,0,11.497525583021343,success,,
ee10de39eabb069d-d46c31280097-p1-firm_2-credit_demand-a0,ee10de39eabb069d-d46c31280097,1,firm_2,credit_demand,ollama,deepseek-r1:8b,0.1,05878ae1d73188b1b57bc7eb5bdc14d5e0af3d71b3f9fad1ac8e42098d1ca4d4,0.0,0,8.523584417067468,success,,
