parameter_set_id,outcome,matched_seeds,mean_effect,standard_deviation,minimum_effect,maximum_effect,positive_seed_share,production_alpha,investment_share,base_credit_demand,risk_price,liquidity_price,capital_price
lhs-000,cumulative_new_credit,5,1.349962749770269,7.704778103143727,-7.709058253901905,12.995914367283206,0.4,0.47992855696354886,0.19256067393411266,17.890406861859343,0.013153800407605318,0.012848099046085991,0.024673306267553194
lhs-001,cumulative_new_credit,5,35.10999884150298,35.46846392002263,-16.01897473990875,69.87244416995902,0.8,0.3853841965841509,0.19516717290852095,18.92960231483749,0.029218431748948455,0.03894743538500968,0.027420426856872224
lhs-002,cumulative_new_credit,5,-35.833223468897046,74.95640690017449,-162.1917913092185,27.726067654042126,0.4,0.20226535629570072,0.1879043408257433,11.828417801179242,0.049692274648982265,0.006702368425143325,0.020157763446255014
lhs-003,cumulative_new_credit,5,13.728893281756836,30.962762558282815,-37.97874271033544,45.11147258972703,0.8,0.24029216342497967,0.16526893137187734,18.712677389049816,0.037920033729592136,0.019319640612318084,0.012295412264207257
lhs-004,cumulative_new_credit,5,13.317719860419242,7.4505914648367835,5.223013646721569,21.19527459215638,1.0,0.2979344271377215,0.5088078745597293,6.991530130354737,0.0346135491264117,0.01093638040382968,0.01261108445577072
lhs-005,cumulative_new_credit,5,8.231200894651973,22.513795994520816,-13.299060169065172,33.700255426552914,0.4,0.22447906295294018,0.1609798729622061,18.06723236478148,0.03699868167162337,0.01039440232012254,0.02678608589377829
lhs-006,cumulative_new_credit,5,52.86493561870915,40.20431419213605,0.4881168759178536,95.87382138272895,1.0,0.291841796760782,0.568240841982631,6.271169165364396,0.028195873125968846,0.004257735707925776,0.006835246193494922
lhs-007,cumulative_new_credit,5,42.70746052623265,20.982776720596508,18.717062305881313,66.69672692806901,1.0,0.2593883663028971,0.4903566416867754,9.838316744934449,0.03172911125748942,0.00404895129687137,0.005998303186030368
lhs-008,cumulative_new_credit,5,72.79618201340129,71.32992152426758,13.834942494247592,184.75043768788177,1.0,0.3037167000826977,0.27832948998060114,7.183661525264964,0.02353264377638334,0.027650991179554843,0.02090125986074172
lhs-009,cumulative_new_credit,5,32.85984582836433,22.986683897470158,-0.5130564929384605,62.77755504294177,0.8,0.33364557537223527,0.22215127900932058,6.7525939435681614,0.01910181386937571,0.029154129569402106,0.007079179330587421
lhs-010,cumulative_new_credit,5,2.6326121405464407,22.604606273105677,-29.216541788995187,28.859975731737407,0.6,0.20856638344710007,0.5631585113611801,19.288640308087764,0.046985378712724485,0.039530966603991094,0.020556250680066633
lhs-011,cumulative_new_credit,5,-0.6944388454806074,7.459944065713411,-6.636441161030859,11.68370272778936,0.4,0.36060416347245894,0.2905759002943015,17.660477431797933,0.00899993246604781,0.011440501385058623,0.014715922123385046
lhs-012,cumulative_new_credit,5,53.437162505499806,110.53758931312578,-47.90859167800045,241.36872324922524,0.8,0.42945835014671,0.5118070395569627,19.083263040128003,0.03664094674703152,0.00581697234968986,0.01491841965678755
lhs-013,cumulative_new_credit,5,24.483409465679266,29.08429548296996,3.8948858863785745,74.79450049270748,1.0,0.2181971512849908,0.5278326149399918,7.477056280263592,0.027291963242139283,0.029794909025940085,0.01724583532235065
lhs-014,cumulative_new_credit,5,56.2034932358708,46.071049707992245,6.5224624058238305,132.03310868523283,1.0,0.49234172434241685,0.36714310885642665,8.609672432745883,0.03200563173843204,0.017584056986918156,0.022900975803996908
lhs-015,cumulative_new_credit,5,26.335445286602436,49.256326042397326,-19.199499161971147,99.02761768023484,0.6,0.4215670822882559,0.4718479091458567,6.8881913557613235,0.03866651817366909,0.01727619278472061,0.027907604471535154
lhs-016,cumulative_new_credit,5,21.036242304146903,21.930398977955637,-10.256612612216017,43.50703286728367,0.8,0.4403434046246357,0.42603564416011486,6.662885274367233,0.022713978970774904,0.03855569429564658,0.023735959832869025
lhs-017,cumulative_new_credit,5,26.231560686297872,25.798303378675033,-11.861592919532285,51.74892619807076,0.8,0.413974741552625,0.5900182459807175,10.97414744066672,0.026269377628657886,0.03367108725007189,0.025377029875320686
lhs-018,cumulative_new_credit,5,31.76207420079179,49.57374416983711,-9.86058226549767,116.29909511714659,0.8,0.3649486390693655,0.4150058174073562,16.09114227472788,0.03389020750097181,0.01332025029616878,0.01883085017864644
lhs-019,cumulative_new_credit,5,22.24238622252559,10.618965029556671,11.00079151821722,32.99249859544108,1.0,0.2818523974037021,0.3516947246374761,7.344458503895344,0.03137550508961578,0.030587723389336314,0.012022080528689477
lhs-020,cumulative_new_credit,5,11.592065296909144,19.341465065852635,-7.6364591019898285,40.92639621195133,0.6,0.4733495412611842,0.5950100881003737,13.426612754743285,0.011162044757948568,0.03314711865004115,0.0021799101048117506
lhs-021,cumulative_new_credit,5,75.76303136222295,69.92770304653747,12.388739004924007,187.62864965821512,1.0,0.2282127985352971,0.2522355193509725,8.392208342756245,0.02100887574767024,0.026118385738221277,0.019852513776102525
lhs-022,cumulative_new_credit,5,-6.038592854502275,16.016915861108604,-26.725062015869298,16.3202936079699,0.4,0.2721178417319521,0.3143811739913356,18.486744519060867,0.010417283908763484,0.03197338502225847,0.00750810534390748
lhs-023,cumulative_new_credit,5,7.2208848458617805,17.67775947395752,-17.262513544477258,31.907774076199672,0.8,0.44709283640903197,0.5338722381694512,7.624106073314352,0.04861549679941299,0.006338859979644439,0.022493879377284996
lhs-024,cumulative_new_credit,5,-5.160780963863508,9.949995425733306,-22.690286800398567,2.124688040988204,0.2,0.2679494206233566,0.3390876838829795,18.197851854912237,0.01021162973047461,0.026868832376481334,0.018391862960641554
lhs-025,cumulative_new_credit,5,-2.4704150607816997,5.666492417487273,-6.981053341944673,6.899991396252304,0.2,0.37742621659071585,0.3365183892591347,17.051278522839183,0.009157900715079235,0.02376209328296647,0.01818644210967038
lhs-026,cumulative_new_credit,5,-1.8032869105507472,13.237851469382905,-12.232951414241278,20.621608410980002,0.2,0.4837745090111683,0.4446967522970905,11.291202401343018,0.006986702123098252,0.014757834789826476,0.012647349718522148
lhs-027,cumulative_new_credit,5,4.727115216610592,18.003973791136893,-13.855373954897953,33.86530514966611,0.6,0.3662147547269001,0.2671679698216594,9.436702561390524,0.011648665634394692,0.022386122849240193,0.02704327475104707
lhs-028,cumulative_new_credit,5,16.75478775758757,40.07344887525767,-11.287713523422637,83.88765541314619,0.4,0.30931124934076637,0.1777852943592637,11.709831281926355,0.030832972948756907,0.007649556026878556,0.01677629973696687
lhs-029,cumulative_new_credit,5,40.369679387867514,15.124094940798036,26.499559251967696,62.648612988995694,1.0,0.43190364127246605,0.35821707665831004,11.888152918678568,0.048121106271953214,0.010713795929897154,0.025106213745409355
lhs-030,cumulative_new_credit,5,34.49964043766955,42.631922466693865,-15.111160739235146,73.90574334221435,0.6,0.3387552556695541,0.5049521467123068,16.06924001881113,0.023131499917025376,0.027244176579807166,0.002499624917830737
lhs-031,cumulative_new_credit,5,-3.9686571599111575,11.006050366888594,-17.7622689500988,12.012150491769631,0.2,0.39021986468788816,0.4068908421502079,14.774079393867472,0.016871332279703614,0.028311601652339986,0.023032230082570146
lhs-032,cumulative_new_credit,5,29.782203457581044,15.167833096436741,13.392581871574109,45.82848839061218,1.0,0.34251607615434465,0.4057576255940225,6.5001386502746445,0.02605483500397176,0.015739698675355636,0.011265396384649635
lhs-033,cumulative_new_credit,5,-2.1436082562058614,2.1939023006959455,-4.7754542339102635,1.0044425606620244,0.2,0.4595519468098837,0.3278712803366869,14.62712540977544,0.006673708350162882,0.031014026760760628,0.0026798657684104464
lhs-034,cumulative_new_credit,5,12.911066920914848,11.171204270152323,4.258673447986183,29.759432803964266,1.0,0.41782677169057014,0.20719040844458086,7.751779083206183,0.041662704471089385,0.025260403045104685,0.013629260623227103
lhs-035,cumulative_new_credit,5,26.070273794846152,23.769912198468873,5.436841391283934,64.64873334226976,1.0,0.27927131609775435,0.39317732551861895,10.330328322754978,0.045121209920616,0.004625247902088998,0.021738956054158917
lhs-036,cumulative_new_credit,5,40.511214180947306,20.642281369495034,17.164997096208914,72.52154226418563,1.0,0.42552952552862555,0.2852663868887549,10.707099240193742,0.03007592931599375,0.024324492206998352,0.009656183017394616
lhs-037,cumulative_new_credit,5,38.09052358968935,32.645315274935776,12.087568081648158,93.80678301465271,1.0,0.39335828109873816,0.5166342949758739,14.217636361402498,0.035059732261898104,0.03694810912029923,0.008435389557288408
lhs-038,cumulative_new_credit,5,49.983373729486445,38.99764559608133,-4.669629519039745,105.32824097215985,0.8,0.4348499307899808,0.25541386554234874,14.390035360104756,0.0440029489820033,0.01649693100736671,0.008642191389645323
lhs-039,cumulative_new_credit,5,-34.820492196657064,89.95903930582034,-192.7528132758813,27.999256534747772,0.4,0.3974821062063948,0.5708537506844028,10.348740654412605,0.04481941827126075,0.03774063367283452,0.02953297453132711
lhs-040,cumulative_new_credit,5,14.673251757803797,42.39757293571793,-16.41565151019696,88.78245616773766,0.4,0.21355222604766255,0.31757188548631143,7.955843191265883,0.0488053293949699,0.009890678946165275,0.02130969698079837
lhs-041,cumulative_new_credit,5,2.1729311877253297,11.12678911560332,-9.02407369852952,15.396609723893278,0.4,0.37069779097432537,0.5481637863232476,14.863188859160097,0.0122770747076885,0.020178139481678042,0.02238375321022315
lhs-042,cumulative_new_credit,5,9.338496674731488,18.24007590330198,-12.932201617440413,30.896543104403968,0.6,0.49799233890577316,0.21021815762303572,16.444879368556947,0.008338391105773509,0.021977647097124107,0.003690082501751465
lhs-043,cumulative_new_credit,5,10.86516215021532,16.88183009125292,-3.8242684088586287,38.70997856723881,0.8,0.42411769550838685,0.4671169805026527,12.322062543052354,0.016250230171439783,0.030336618424578146,0.021957039556271166
lhs-044,cumulative_new_credit,5,0.1175457030858766,14.901826852944096,-9.898108066067806,26.142869714323318,0.2,0.2706100379301568,0.1727710848778713,10.880561419847183,0.01431283518502437,0.03999000512849134,0.018621874350115822
lhs-045,cumulative_new_credit,5,55.26526505965724,108.8618599844948,-4.234208740988663,249.57671047496785,0.8,0.23898744496322388,0.5225512427021647,15.75403864783084,0.019870639354785516,0.034480153408508296,0.028190272963374327
lhs-046,cumulative_new_credit,5,16.46969869078681,30.39967602325272,-22.47675767194834,51.999847689121225,0.8,0.3454620908495083,0.23747101936142206,6.3087698773909455,0.03569335262734138,0.028575408923806826,0.011659821995584565
lhs-047,cumulative_new_credit,5,7.70487980727764,34.797875743767385,-26.028418712032703,57.67037130638329,0.6,0.48892427752377476,0.4292490987302573,10.613502692950547,0.04001018095678476,0.014973020105097799,0.020335705019205737
lhs-048,cumulative_new_credit,5,2.8789392008213084,10.209390538617392,-5.305472621605901,18.844243612820584,0.4,0.3075109360675451,0.29759683397631576,13.771682410395481,0.007349227960874522,0.02284655542132935,0.021425117862521305
lhs-049,cumulative_new_credit,5,13.497974600745119,19.458847451833616,-17.383555505866582,29.14337985307374,0.8,0.47836813235155734,0.41581138262385986,8.893380444947283,0.04668972549658213,0.03800097556873792,0.016417903660407303
lhs-050,cumulative_new_credit,5,40.74839073280971,31.976973821348743,-6.021463262384259,82.09014588539313,0.8,0.25658518022979127,0.4776952908072787,12.46014405667242,0.025384865415445972,0.012239487174002858,0.009160436950225007
lhs-051,cumulative_new_credit,5,48.07983655444167,37.03726473848661,3.561786099881843,92.78319965740032,1.0,0.4942877504930994,0.47952833623153845,8.191928798427881,0.038877124007629035,0.014013291715819592,0.01084148886042538
lhs-052,cumulative_new_credit,5,-5.996399407786169,11.824213315215214,-19.28441329314424,10.730860740980958,0.2,0.312272375832748,0.3065541025704078,9.167801062113389,0.01608303012351534,0.007876339612234894,0.015844736279738314
lhs-053,cumulative_new_credit,5,18.504460177287704,16.592191428334917,-0.8861782314441484,38.74784580584408,0.8,0.4394636543919853,0.5289560192061077,15.176070494227508,0.018924806585209612,0.01910412117231071,0.029351806753605776
lhs-054,cumulative_new_credit,5,47.7900449659234,36.047182416423766,8.126179289178424,89.66626358217978,1.0,0.44521358419502943,0.3454268256187839,17.13884491071237,0.01823550826332753,0.014463783565071997,0.009315173200893943
lhs-055,cumulative_new_credit,5,5.609652760614824,29.759956318067847,-31.42985272707736,32.727764524396875,0.6,0.23372596762922598,0.5553564202397324,9.331662349078977,0.047348707771821784,0.024524587519279863,0.00994965572864587
lhs-056,cumulative_new_credit,5,52.902767173322424,69.91027758683559,1.2021856522636938,171.49336324147637,1.0,0.4700687882089928,0.20297947493058355,12.667598644083752,0.035532383731001246,0.03270900931964514,0.02328087517624334
lhs-057,cumulative_new_credit,5,38.724397210841516,24.479671040018008,-2.3612582847352144,61.24902224111548,0.8,0.37373274240521515,0.5003896443459401,14.117655727377324,0.027756280617047432,0.006308696592841274,0.005384714635767104
lhs-058,cumulative_new_credit,5,3.21332438505259,8.10027756080213,-4.26148290815534,15.033424786842915,0.6,0.34733730276283625,0.35339378126761567,14.506109609440413,0.015542657485231079,0.03125371867203318,0.00778438918326159
lhs-059,cumulative_new_credit,5,54.09870395891157,75.00669969278651,-2.4280940502767265,164.36053785396695,0.6,0.46641282056073347,0.4923464918179371,13.246459630708333,0.022147735064699057,0.02565400106549329,0.02659153244568945
lhs-060,cumulative_new_credit,5,41.28457293426403,34.43833820895727,11.361367032989591,96.96041136252585,1.0,0.4120335210382655,0.3337573346291535,15.649206369707587,0.041143016405813644,0.007290870412352873,0.027578581209636
lhs-061,cumulative_new_credit,5,5.423098384873161,7.503034951053057,-1.0971164120232473,17.28334747566531,0.6,0.37579178364623933,0.3076884963792701,13.384299050666158,0.012173666997555118,0.03638366031813885,0.004945116610152414
lhs-062,cumulative_new_credit,5,13.78151201975632,30.16671254299149,-7.666011830835693,66.51207053129785,0.6,0.4079884921349053,0.4542143741072088,11.36021286938771,0.013715384685305896,0.008625401420662034,0.025610857794727764
lhs-063,cumulative_new_credit,5,33.95434068632936,26.52545453204775,-9.357795693693447,55.85820579026068,0.8,0.32791287299576977,0.23066944134480746,16.549682186214717,0.04949335953343027,0.016808487213489508,0.029025213627128392
lhs-064,cumulative_new_credit,5,27.392113121352544,40.208299786822,-9.110959200971998,72.05645832746143,0.6,0.31520911869780405,0.1541131479195781,10.07307887919863,0.043129912290490284,0.026546891888760915,0.017046472945744337
lhs-065,cumulative_new_credit,5,-8.25101684666745,8.440281734914606,-17.059630433991387,2.53289527170341,0.2,0.24442917296077948,0.5785826820281508,19.593931081170695,0.012670510844172204,0.021438903858048405,0.024780793784492938
lhs-066,cumulative_new_credit,5,34.55406400999124,39.50354007605728,-9.476929075239468,96.79205903514875,0.8,0.30074329537675054,0.32538292095991295,16.77044465061396,0.030549057740424917,0.037119266878547615,0.015376547406097741
lhs-067,cumulative_new_credit,5,25.809936774159933,16.036676554878763,-0.8215398197688444,39.73753543216765,0.8,0.24777524063098466,0.583155407555311,15.248905616052648,0.043505423199858,0.03258559203180814,0.017843955866306438
lhs-068,cumulative_new_credit,5,34.03852709544059,77.79829091933715,-5.282889937384235,173.06007470728514,0.6,0.38244222432774966,0.2580691961095761,19.43316502443353,0.0179479429562775,0.022984091741084747,0.005681271149109721
lhs-069,cumulative_new_credit,5,22.07306084450458,33.31210503850222,-33.50396038156663,45.77567452061014,0.8,0.3207076635366994,0.24492301433110183,17.330276372612957,0.03371904620953737,0.02067540392662119,0.0029214814690422504
lhs-070,cumulative_new_credit,5,25.778083976946515,15.344365570331687,2.705626781813688,39.66833038167174,1.0,0.3571998044024959,0.30048842370426254,15.471162883355511,0.020437922358830803,0.016073163218737672,0.010281756093000196
lhs-071,cumulative_new_credit,5,-4.316967006530632,6.772374397870276,-13.189889758509395,1.9195866235299235,0.4,0.48541623558474745,0.44227940398302146,9.070271754264398,0.006094624565052912,0.008971240361600484,0.006683391212716521
lhs-072,cumulative_new_credit,5,25.236262266247515,41.62860016883577,-13.482941513945216,71.37030047557818,0.6,0.4569480719175881,0.15592737544961058,19.930000700113773,0.03638742992422502,0.0048909151399921125,0.02976529232140851
lhs-073,cumulative_new_credit,5,12.940533562505658,12.40882439386221,-8.382500387493621,22.382478820983522,0.8,0.2537806700618391,0.4874338889957024,18.42783462965057,0.02935013146706758,0.021572818558672744,0.028699417800708546
lhs-074,cumulative_new_credit,5,69.62882785832146,42.019155839714685,35.886404088117104,137.1266014351529,1.0,0.3873877351059972,0.3997959983947032,12.251121663496118,0.03312521834846003,0.035784950500507076,0.015561529637367904
lhs-075,cumulative_new_credit,5,-1.5654602074683026,33.59159132748271,-33.35895406701013,39.86583828691664,0.4,0.3559383262640795,0.5404777621404558,18.807016057086578,0.040645150022366364,0.02789518810216015,0.008927510941143916
lhs-076,cumulative_new_credit,5,18.83666340361923,31.302604829248317,-22.371011875245614,57.74080664503478,0.6,0.4008845212295723,0.26305674425110426,9.949340049272882,0.04218218659774411,0.024980165430574366,0.013415400627537584
lhs-077,cumulative_new_credit,5,32.45158061377187,19.246020697886404,-1.1128288488606692,47.488467065584885,0.8,0.2762858069161742,0.38241522318532656,11.462502051659435,0.04252495402457276,0.038215061680606885,0.026096225962795233
lhs-078,cumulative_new_credit,5,-2.135942906595763,14.515598286453946,-14.641403879970724,17.653829003892383,0.4,0.35175292386043266,0.3743456750731936,17.35502033469708,0.017378178855761435,0.03485182819280948,0.016044387227158407
lhs-079,cumulative_new_credit,5,29.738893575984264,57.84930975406518,-5.285643961795934,132.4272466317933,0.8,0.29451190048713644,0.42270740229541004,15.05288840508446,0.019753942909597203,0.00943879570524973,0.017464267218844795
lhs-080,cumulative_new_credit,5,0.06551613723036667,14.329666185798919,-15.81129653970548,19.019731018709138,0.4,0.26140311370002306,0.46481733078600695,16.793118920585833,0.04456147913337438,0.01887349457527746,0.013187644054630658
lhs-081,cumulative_new_credit,5,-2.4835296689773356,12.813930821251395,-22.647114792195424,12.93964206635232,0.4,0.40218336027388374,0.2440556844623317,12.993001593110735,0.015219164945118345,0.02101313478597734,0.00638810959476508
lhs-082,cumulative_new_credit,5,43.27094537541391,38.28528565770945,8.76601792046057,105.77477791196647,1.0,0.2849728616083016,0.4355829869200626,8.377003086592996,0.02513343330520354,0.005496072394637187,0.011111903374459197
lhs-083,cumulative_new_credit,5,21.275507222905837,23.105146016459166,4.044002270534435,61.32460030138344,1.0,0.4533401763895099,0.5538548641267187,13.846191732084517,0.046214650839839715,0.03605820026134129,0.008088572360347981
lhs-084,cumulative_new_credit,5,3.824082271997008,19.83621777892272,-15.866683244525206,30.652990155825478,0.4,0.2878340534742789,0.38421147137586265,19.554892087519924,0.014600471733049375,0.011749942257429181,0.014218007147127579
lhs-085,cumulative_new_credit,5,21.67727899997312,22.24820650829511,-7.3248250038760006,50.79664041863505,0.8,0.21183776113752392,0.2337323001657236,17.578396656203708,0.02474725641249308,0.018343028851795423,0.0053496430690363524
lhs-086,cumulative_new_credit,5,2.282577408481493,5.6025707097335,-3.952711091831766,10.695058654626024,0.6,0.33054165825132253,0.36475201797495826,9.776694135578662,0.005480819438300479,0.03169005838185895,0.0034749116009081165
lhs-087,cumulative_new_credit,5,31.721473848782257,34.1375664480703,-2.2706949249190984,70.30053365869895,0.8,0.46835406879416835,0.37587162814020725,6.060624030515784,0.024121635353866144,0.02962079607474617,0.02394585458585434
lhs-088,cumulative_new_credit,5,78.83857791062016,53.738261823192865,15.25168618548426,136.98357567380026,1.0,0.2161798180720379,0.5985626096770374,11.159808576779763,0.026602741584040315,0.023392573430735752,0.025956323931753712
lhs-089,cumulative_new_credit,5,43.33137051587873,31.126050374511085,-5.064973674819754,75.64983693561912,0.8,0.4510079609623237,0.39193023934991034,9.571229244559415,0.04026311739965526,0.0036843286334164744,0.004457398173580039
lhs-090,cumulative_new_credit,5,0.7590901074758456,4.630047219989067,-6.638381255985749,5.534568509910251,0.6,0.46153098072784493,0.28282883260189406,15.928219417129478,0.007888121917530652,0.020012194021278244,0.004218662718794492
lhs-091,cumulative_new_credit,5,26.04790883620434,35.27334140432416,-15.534801865396517,65.76183728164582,0.6,0.32356056861375887,0.44973924967952084,13.095486703140235,0.03272020428515774,0.015537535631233876,0.013814636845046583
lhs-092,cumulative_new_credit,5,42.11432739506432,36.118343080641004,-0.6097906527812924,98.00516441171966,0.8,0.2651767944649206,0.4570129099207004,12.079039037498227,0.03772347993537262,0.01806109442110777,0.019436758252772864
lhs-093,cumulative_new_credit,5,37.707426351157906,61.74071089624773,-11.323661456309225,145.4423004715092,0.8,0.23039874686437986,0.1687680533449719,13.63334318750919,0.028456513506654738,0.03528074406214489,0.010417102967537006
lhs-094,cumulative_new_credit,5,47.87653128325105,66.88796359348198,-5.13520068802314,158.91798597069106,0.6,0.25086390869267994,0.18309973577358477,12.754161882055026,0.04557698254848064,0.003036265757161441,0.024198162367025072
lhs-095,cumulative_new_credit,5,7.040944349165146,10.42806338614081,-5.812519612467703,21.287529030193497,0.8,0.3174171617554597,0.5420577121270451,16.29758044879207,0.009799286685100252,0.01229061893305389,0.01458704793242635
lhs-096,cumulative_new_credit,5,-2.344256084707876,5.488356836659779,-9.23069526677186,5.960271061197233,0.2,0.20529898031496774,0.5750606425450625,8.096130590034955,0.005243783873957164,0.034048748478081925,0.019314818767306938
lhs-097,cumulative_new_credit,5,32.257612682073216,23.93900888453894,10.530145355574355,58.871098748235056,1.0,0.3378789140993167,0.2746485519606683,8.754561551461347,0.021778914617964235,0.03408519104926396,0.0033725113768268682
lhs-098,cumulative_new_credit,5,25.92698926687355,32.930094364150946,-0.988407012945876,81.44841099183594,0.8,0.4061343127881972,0.21778088905488124,19.735385433872004,0.02142726152194829,0.008409399186351914,0.0045855146354377525
lhs-099,cumulative_new_credit,5,21.468345486759585,39.14108840216917,-16.290293945844525,77.92484338369172,0.6,0.22338063568664862,0.21642625353435918,17.9650693778795,0.03939079994985621,0.013452950446134967,0.028596968920975047
lhs-000,cumulative_output,5,-25.93193375892297,27.53357357778931,-62.640637880746,1.5696432970594287,0.2,0.47992855696354886,0.19256067393411266,17.890406861859343,0.013153800407605318,0.012848099046085991,0.024673306267553194
lhs-001,cumulative_output,5,-64.11105592845043,70.19758396297809,-123.98107838571195,46.91110300839637,0.2,0.3853841965841509,0.19516717290852095,18.92960231483749,0.029218431748948455,0.03894743538500968,0.027420426856872224
lhs-002,cumulative_output,5,-58.54933483526793,64.34367822165466,-132.3283606594332,11.864490378919527,0.2,0.20226535629570072,0.1879043408257433,11.828417801179242,0.049692274648982265,0.006702368425143325,0.020157763446255014
lhs-003,cumulative_output,5,-17.151487728758365,47.40563951713578,-82.56486875427345,40.17232623971586,0.4,0.24029216342497967,0.16526893137187734,18.712677389049816,0.037920033729592136,0.019319640612318084,0.012295412264207257
lhs-004,cumulative_output,5,25.145067053074307,13.51823589033436,12.228574463012137,46.08911173603383,1.0,0.2979344271377215,0.5088078745597293,6.991530130354737,0.0346135491264117,0.01093638040382968,0.01261108445577072
lhs-005,cumulative_output,5,-15.046303009150687,46.686797894210486,-85.49775158783268,44.29433107937939,0.2,0.22447906295294018,0.1609798729622061,18.06723236478148,0.03699868167162337,0.01039440232012254,0.02678608589377829
lhs-006,cumulative_output,5,-74.7078904717545,132.12599596991512,-201.64659333401437,103.94663556383239,0.4,0.291841796760782,0.568240841982631,6.271169165364396,0.028195873125968846,0.004257735707925776,0.006835246193494922
lhs-007,cumulative_output,5,-42.8072229556632,41.542122401625605,-97.25259321587055,5.065264406212918,0.2,0.2593883663028971,0.4903566416867754,9.838316744934449,0.03172911125748942,0.00404895129687137,0.005998303186030368
lhs-008,cumulative_output,5,-39.6174330158603,39.37198780620248,-78.35394110191828,20.924802252184236,0.2,0.3037167000826977,0.27832948998060114,7.183661525264964,0.02353264377638334,0.027650991179554843,0.02090125986074172
lhs-009,cumulative_output,5,10.220243491736984,18.99358928140267,-10.488372229588094,39.12744628591554,0.6,0.33364557537223527,0.22215127900932058,6.7525939435681614,0.01910181386937571,0.029154129569402106,0.007079179330587421
lhs-010,cumulative_output,5,-70.74385495088981,88.07617782798975,-180.42239014075562,30.890909587994884,0.4,0.20856638344710007,0.5631585113611801,19.288640308087764,0.046985378712724485,0.039530966603991094,0.020556250680066633
lhs-011,cumulative_output,5,-7.686509079904681,8.885214320496912,-20.44777000888871,2.4053041653342007,0.2,0.36060416347245894,0.2905759002943015,17.660477431797933,0.00899993246604781,0.011440501385058623,0.014715922123385046
lhs-012,cumulative_output,5,43.81610600293207,200.9170198222206,-181.37834517753436,368.8233592670249,0.6,0.42945835014671,0.5118070395569627,19.083263040128003,0.03664094674703152,0.00581697234968986,0.01491841965678755
lhs-013,cumulative_output,5,-21.768236966229686,49.41303477775036,-103.18357118763015,19.06913521379056,0.6,0.2181971512849908,0.5278326149399918,7.477056280263592,0.027291963242139283,0.029794909025940085,0.01724583532235065
lhs-014,cumulative_output,5,-59.07027674330375,149.9776376638468,-264.16073898031163,121.12064485355131,0.4,0.49234172434241685,0.36714310885642665,8.609672432745883,0.03200563173843204,0.017584056986918156,0.022900975803996908
lhs-015,cumulative_output,5,-77.86480013159544,130.81493991786454,-271.13122903914655,15.831324417574706,0.6,0.4215670822882559,0.4718479091458567,6.8881913557613235,0.03866651817366909,0.01727619278472061,0.027907604471535154
lhs-016,cumulative_output,5,-8.879402445549294,103.61984080503258,-189.94160385168152,65.72011164406376,0.8,0.4403434046246357,0.42603564416011486,6.662885274367233,0.022713978970774904,0.03855569429564658,0.023735959832869025
lhs-017,cumulative_output,5,57.394018603239054,48.11372806463404,5.3483337385559935,106.39259444919662,1.0,0.413974741552625,0.5900182459807175,10.97414744066672,0.026269377628657886,0.03367108725007189,0.025377029875320686
lhs-018,cumulative_output,5,-81.3778650385727,119.68496727312366,-232.98959360286335,55.050181179686206,0.4,0.3649486390693655,0.4150058174073562,16.09114227472788,0.03389020750097181,0.01332025029616878,0.01883085017864644
lhs-019,cumulative_output,5,8.150700086711549,17.52958718697614,-9.378904682926532,33.467846406562785,0.6,0.2818523974037021,0.3516947246374761,7.344458503895344,0.03137550508961578,0.030587723389336314,0.012022080528689477
lhs-020,cumulative_output,5,-22.049945208991083,58.293916625932056,-70.53907038059788,72.3603689075394,0.2,0.4733495412611842,0.5950100881003737,13.426612754743285,0.011162044757948568,0.03314711865004115,0.0021799101048117506
lhs-021,cumulative_output,5,24.3786137368646,90.61947406351847,-57.20640941083116,159.7358254976957,0.6,0.2282127985352971,0.2522355193509725,8.392208342756245,0.02100887574767024,0.026118385738221277,0.019852513776102525
lhs-022,cumulative_output,5,-27.02497032969145,15.164988715578103,-48.42611075072841,-6.938106031305779,0.0,0.2721178417319521,0.3143811739913356,18.486744519060867,0.010417283908763484,0.03197338502225847,0.00750810534390748
lhs-023,cumulative_output,5,-186.91594573064495,137.13910300891823,-371.3917457736152,-8.333929447313949,0.0,0.44709283640903197,0.5338722381694512,7.624106073314352,0.04861549679941299,0.006338859979644439,0.022493879377284996
lhs-024,cumulative_output,5,-13.506407407008918,5.335016802095851,-21.015573251771002,-7.4330538057338345,0.0,0.2679494206233566,0.3390876838829795,18.197851854912237,0.01021162973047461,0.026868832376481334,0.018391862960641554
lhs-025,cumulative_output,5,-9.342649181057368,8.407693149352163,-20.69760223213234,0.848364633692654,0.2,0.37742621659071585,0.3365183892591347,17.051278522839183,0.009157900715079235,0.02376209328296647,0.01818644210967038
lhs-026,cumulative_output,5,-9.901912825336876,11.200860161844812,-26.78624406628478,1.4717724818642637,0.2,0.4837745090111683,0.4446967522970905,11.291202401343018,0.006986702123098252,0.014757834789826476,0.012647349718522148
lhs-027,cumulative_output,5,-19.436164444920678,44.276121437525525,-92.99224092188956,25.792435755493443,0.2,0.3662147547269001,0.2671679698216594,9.436702561390524,0.011648665634394692,0.022386122849240193,0.02704327475104707
lhs-028,cumulative_output,5,5.018333360107226,29.383021896877818,-27.867170731911756,48.36633638031435,0.6,0.30931124934076637,0.1777852943592637,11.709831281926355,0.030832972948756907,0.007649556026878556,0.01677629973696687
lhs-029,cumulative_output,5,-101.25596045960546,75.92854323292738,-215.92616088026125,-7.423676099518616,0.0,0.43190364127246605,0.35821707665831004,11.888152918678568,0.048121106271953214,0.010713795929897154,0.025106213745409355
lhs-030,cumulative_output,5,-73.38872496636614,100.01542612531479,-160.28403476984704,92.27243338047356,0.2,0.3387552556695541,0.5049521467123068,16.06924001881113,0.023131499917025376,0.027244176579807166,0.002499624917830737
lhs-031,cumulative_output,5,-37.87271056129502,27.323775525299478,-76.44868783239508,-6.45604341006856,0.0,0.39021986468788816,0.4068908421502079,14.774079393867472,0.016871332279703614,0.028311601652339986,0.023032230082570146
lhs-032,cumulative_output,5,-51.48299140172712,74.81489446038121,-138.0451222172701,48.55671509296508,0.2,0.34251607615434465,0.4057576255940225,6.5001386502746445,0.02605483500397176,0.015739698675355636,0.011265396384649635
lhs-033,cumulative_output,5,-18.358521400690915,12.092309753031284,-31.366619173550134,1.1768034067936242,0.2,0.4595519468098837,0.3278712803366869,14.62712540977544,0.006673708350162882,0.031014026760760628,0.0026798657684104464
lhs-034,cumulative_output,5,-36.96078215374655,49.92373697168414,-116.51318401576646,14.932635589294023,0.2,0.41782677169057014,0.20719040844458086,7.751779083206183,0.041662704471089385,0.025260403045104685,0.013629260623227103
lhs-035,cumulative_output,5,-96.76147634087337,82.35210365575514,-209.47330337902486,8.085726660282944,0.2,0.27927131609775435,0.39317732551861895,10.330328322754978,0.045121209920616,0.004625247902088998,0.021738956054158917
lhs-036,cumulative_output,5,-8.922636822750155,62.020474725444245,-75.63542041672326,55.848289167045095,0.6,0.42552952552862555,0.2852663868887549,10.707099240193742,0.03007592931599375,0.024324492206998352,0.009656183017394616
lhs-037,cumulative_output,5,-51.306639216077926,136.3572632119016,-283.88914498161785,49.0610585403374,0.6,0.39335828109873816,0.5166342949758739,14.217636361402498,0.035059732261898104,0.03694810912029923,0.008435389557288408
lhs-038,cumulative_output,5,-44.05180397320737,85.97572203018376,-154.3807939285657,74.11698073823572,0.2,0.4348499307899808,0.25541386554234874,14.390035360104756,0.0440029489820033,0.01649693100736671,0.008642191389645323
lhs-039,cumulative_output,5,-108.56601784829836,114.59607595884174,-262.3436394068399,8.139319265762879,0.2,0.3974821062063948,0.5708537506844028,10.348740654412605,0.04481941827126075,0.03774063367283452,0.02953297453132711
lhs-040,cumulative_output,5,-68.59474620457381,62.70703363605635,-146.8169214154516,-11.277396740007589,0.0,0.21355222604766255,0.31757188548631143,7.955843191265883,0.0488053293949699,0.009890678946165275,0.02130969698079837
lhs-041,cumulative_output,5,-1.867211616026634,55.1318839107507,-80.70024526940415,70.83184833276755,0.4,0.37069779097432537,0.5481637863232476,14.863188859160097,0.0122770747076885,0.020178139481678042,0.02238375321022315
lhs-042,cumulative_output,5,8.971892448430026,21.576193631475114,-8.22653879995778,42.43650262976871,0.4,0.49799233890577316,0.21021815762303572,16.444879368556947,0.008338391105773509,0.021977647097124107,0.003690082501751465
lhs-043,cumulative_output,5,-19.02262539714375,74.4320099839635,-99.22911959169642,91.65053788492787,0.4,0.42411769550838685,0.4671169805026527,12.322062543052354,0.016250230171439783,0.030336618424578146,0.021957039556271166
lhs-044,cumulative_output,5,-12.896507191193313,29.484312265720554,-44.77503281237932,24.152482781638355,0.4,0.2706100379301568,0.1727710848778713,10.880561419847183,0.01431283518502437,0.03999000512849134,0.018621874350115822
lhs-045,cumulative_output,5,-63.51454456605834,48.29571928732935,-130.96127446427363,-8.309264414265726,0.0,0.23898744496322388,0.5225512427021647,15.75403864783084,0.019870639354785516,0.034480153408508296,0.028190272963374327
lhs-046,cumulative_output,5,-25.581634529555867,78.65839027269206,-157.3716801576129,52.57070212292865,0.4,0.3454620908495083,0.23747101936142206,6.3087698773909455,0.03569335262734138,0.028575408923806826,0.011659821995584565
lhs-047,cumulative_output,5,-62.39982170666226,98.15925175798569,-208.19381756474195,30.610931772393997,0.4,0.48892427752377476,0.4292490987302573,10.613502692950547,0.04001018095678476,0.014973020105097799,0.020335705019205737
lhs-048,cumulative_output,5,-7.347480598460697,10.841055966589435,-20.40722353195497,8.020263213732505,0.2,0.3075109360675451,0.29759683397631576,13.771682410395481,0.007349227960874522,0.02284655542132935,0.021425117862521305
lhs-049,cumulative_output,5,-174.17243372619723,106.68287660865295,-283.0958975063577,-1.6266467617379021,0.0,0.47836813235155734,0.41581138262385986,8.893380444947283,0.04668972549658213,0.03800097556873792,0.016417903660407303
lhs-050,cumulative_output,5,16.889537671417838,74.91394165168198,-110.45095514158902,71.82035725969126,0.8,0.25658518022979127,0.4776952908072787,12.46014405667242,0.025384865415445972,0.012239487174002858,0.009160436950225007
lhs-051,cumulative_output,5,-32.56666862251977,144.77024493626854,-195.88634222540077,173.1787293141897,0.4,0.4942877504930994,0.47952833623153845,8.191928798427881,0.038877124007629035,0.014013291715819592,0.01084148886042538
lhs-052,cumulative_output,5,-37.21380676859112,27.193071279564062,-69.04857030077233,2.8694608911255273,0.2,0.312272375832748,0.3065541025704078,9.167801062113389,0.01608303012351534,0.007876339612234894,0.015844736279738314
lhs-053,cumulative_output,5,-65.54342824812875,87.19457139525612,-169.36754010673394,9.95828075636291,0.4,0.4394636543919853,0.5289560192061077,15.176070494227508,0.018924806585209612,0.01910412117231071,0.029351806753605776
lhs-054,cumulative_output,5,-16.19598762022624,67.87580392846054,-85.33880757116913,75.8700088635569,0.4,0.44521358419502943,0.3454268256187839,17.13884491071237,0.01823550826332753,0.014463783565071997,0.009315173200893943
lhs-055,cumulative_output,5,-120.57442050271752,84.22128407570926,-229.40413768708072,-15.345407455742588,0.0,0.23372596762922598,0.5553564202397324,9.331662349078977,0.047348707771821784,0.024524587519279863,0.00994965572864587
lhs-056,cumulative_output,5,-31.05135698897957,79.17921198794757,-160.7035655936793,49.740294270942286,0.4,0.4700687882089928,0.20297947493058355,12.667598644083752,0.035532383731001246,0.03270900931964514,0.02328087517624334
lhs-057,cumulative_output,5,-1.2340652422657512,92.57271781724477,-158.9725580035324,74.43454704192709,0.8,0.37373274240521515,0.5003896443459401,14.117655727377324,0.027756280617047432,0.006308696592841274,0.005384714635767104
lhs-058,cumulative_output,5,-32.118968225435495,15.563517735469508,-52.07182650685854,-12.759063721357052,0.0,0.34733730276283625,0.35339378126761567,14.506109609440413,0.015542657485231079,0.03125371867203318,0.00778438918326159
lhs-059,cumulative_output,5,-52.587196942811715,189.53202520903235,-282.5444867706733,236.16025362807795,0.2,0.46641282056073347,0.4923464918179371,13.246459630708333,0.022147735064699057,0.02565400106549329,0.02659153244568945
lhs-060,cumulative_output,5,-6.3030155559591545,160.51203303258072,-263.89009982267635,163.83999142007042,0.6,0.4120335210382655,0.3337573346291535,15.649206369707587,0.041143016405813644,0.007290870412352873,0.027578581209636
lhs-061,cumulative_output,5,-25.60521121591346,35.04789148804724,-85.2818208852841,5.437290534808199,0.2,0.37579178364623933,0.3076884963792701,13.384299050666158,0.012173666997555118,0.03638366031813885,0.004945116610152414
lhs-062,cumulative_output,5,-4.509892583986675,56.80705167858019,-51.26811005314585,92.98998117757037,0.2,0.4079884921349053,0.4542143741072088,11.36021286938771,0.013715384685305896,0.008625401420662034,0.025610857794727764
lhs-063,cumulative_output,5,-0.1062346111617444,84.21609589484771,-146.58359105819636,64.71582724458949,0.8,0.32791287299576977,0.23066944134480746,16.549682186214717,0.04949335953343027,0.016808487213489508,0.029025213627128392
lhs-064,cumulative_output,5,18.26215929218579,45.99518620904685,-31.81009141247341,74.34716316855292,0.4,0.31520911869780405,0.1541131479195781,10.07307887919863,0.043129912290490284,0.026546891888760915,0.017046472945744337
lhs-065,cumulative_output,5,0.08485857064397351,18.889033576114596,-20.185546561053798,30.419617450526403,0.4,0.24442917296077948,0.5785826820281508,19.593931081170695,0.012670510844172204,0.021438903858048405,0.024780793784492938
lhs-066,cumulative_output,5,-8.319625072819235,93.24461529582695,-139.84321725249265,118.99079686487084,0.4,0.30074329537675054,0.32538292095991295,16.77044465061396,0.030549057740424917,0.037119266878547615,0.015376547406097741
lhs-067,cumulative_output,5,-91.88957713855939,69.79815459206951,-169.76109181101538,-11.154282744651482,0.0,0.24777524063098466,0.583155407555311,15.248905616052648,0.043505423199858,0.03258559203180814,0.017843955866306438
lhs-068,cumulative_output,5,1.807697713606649,97.5522484322718,-67.20693001137715,174.20041805969413,0.2,0.38244222432774966,0.2580691961095761,19.43316502443353,0.0179479429562775,0.022984091741084747,0.005681271149109721
lhs-069,cumulative_output,5,15.847207554618853,26.89349966156018,-30.761555165724076,34.68457458774583,0.8,0.3207076635366994,0.24492301433110183,17.330276372612957,0.03371904620953737,0.02067540392662119,0.0029214814690422504
lhs-070,cumulative_output,5,-42.30370369135644,69.88300899830537,-98.57911629723549,46.103003083247586,0.4,0.3571998044024959,0.30048842370426254,15.471162883355511,0.020437922358830803,0.016073163218737672,0.010281756093000196
lhs-071,cumulative_output,5,-4.150454284614352,10.333722692164613,-19.33691909244544,8.120981820723955,0.4,0.48541623558474745,0.44227940398302146,9.070271754264398,0.006094624565052912,0.008971240361600484,0.006683391212716521
lhs-072,cumulative_output,5,-25.851481539961515,140.4024785266788,-190.14927171008458,153.80970343638637,0.4,0.4569480719175881,0.15592737544961058,19.930000700113773,0.03638742992422502,0.0048909151399921125,0.02976529232140851
lhs-073,cumulative_output,5,-48.533241843559246,91.71695067147657,-206.5808848071656,25.92383821457497,0.2,0.2537806700618391,0.4874338889957024,18.42783462965057,0.02935013146706758,0.021572818558672744,0.028699417800708546
lhs-074,cumulative_output,5,-57.36385300472894,137.69084443053296,-276.11054638087444,72.79049837340108,0.4,0.3873877351059972,0.3997959983947032,12.251121663496118,0.03312521834846003,0.035784950500507076,0.015561529637367904
lhs-075,cumulative_output,5,-68.79259259177142,132.65230198402014,-252.62619996001013,73.03370094607772,0.4,0.3559383262640795,0.5404777621404558,18.807016057086578,0.040645150022366364,0.02789518810216015,0.008927510941143916
lhs-076,cumulative_output,5,-41.23886648562457,65.05134082448642,-124.5573749532,19.196491266040994,0.4,0.4008845212295723,0.26305674425110426,9.949340049272882,0.04218218659774411,0.024980165430574366,0.013415400627537584
lhs-077,cumulative_output,5,-55.372322355782806,93.27603949152781,-155.19950475946257,39.9900121277351,0.4,0.2762858069161742,0.38241522318532656,11.462502051659435,0.04252495402457276,0.038215061680606885,0.026096225962795233
lhs-078,cumulative_output,5,-37.496579156087044,27.656653275179302,-75.40620609907955,-12.529293798580966,0.0,0.35175292386043266,0.3743456750731936,17.35502033469708,0.017378178855761435,0.03485182819280948,0.016044387227158407
lhs-079,cumulative_output,5,-49.41855210751264,45.496670344408194,-114.10403180452295,8.843517375729789,0.2,0.29451190048713644,0.42270740229541004,15.05288840508446,0.019753942909597203,0.00943879570524973,0.017464267218844795
lhs-080,cumulative_output,5,-74.63087154540399,97.46254050341476,-212.3136010721123,-1.4859245107181778,0.0,0.26140311370002306,0.46481733078600695,16.793118920585833,0.04456147913337438,0.01887349457527746,0.013187644054630658
lhs-081,cumulative_output,5,-27.88393011457729,15.3952123200516,-45.51665019160873,-12.704293266192053,0.0,0.40218336027388374,0.2440556844623317,12.993001593110735,0.015219164945118345,0.02101313478597734,0.00638810959476508
lhs-082,cumulative_output,5,-34.023129179704846,83.33951591236189,-98.32351832562608,87.06415775704772,0.4,0.2849728616083016,0.4355829869200626,8.377003086592996,0.02513343330520354,0.005496072394637187,0.011111903374459197
lhs-083,cumulative_output,5,-179.32321223864938,163.93950797538537,-329.6503676628845,30.259107763929933,0.2,0.4533401763895099,0.5538548641267187,13.846191732084517,0.046214650839839715,0.03605820026134129,0.008088572360347981
lhs-084,cumulative_output,5,-14.38196811166399,20.80187267743699,-40.98752161087941,14.215579714730438,0.2,0.2878340534742789,0.38421147137586265,19.554892087519924,0.014600471733049375,0.011749942257429181,0.014218007147127579
lhs-085,cumulative_output,5,3.5905066169983,11.831474922810646,-11.680796303528496,21.332719338158768,0.8,0.21183776113752392,0.2337323001657236,17.578396656203708,0.02474725641249308,0.018343028851795423,0.0053496430690363524
lhs-086,cumulative_output,5,-6.877053797268855,7.294463658074734,-17.056711223557613,2.5360739611187455,0.2,0.33054165825132253,0.36475201797495826,9.776694135578662,0.005480819438300479,0.03169005838185895,0.0034749116009081165
lhs-087,cumulative_output,5,-20.825261457623675,55.391531733168506,-84.76335504902954,26.059246759960843,0.6,0.46835406879416835,0.37587162814020725,6.060624030515784,0.024121635353866144,0.02962079607474617,0.02394585458585434
lhs-088,cumulative_output,5,-18.700203173443832,77.83003708821857,-156.8913618362585,22.710479610387665,0.6,0.2161798180720379,0.5985626096770374,11.159808576779763,0.026602741584040315,0.023392573430735752,0.025956323931753712
lhs-089,cumulative_output,5,-32.543533091209426,82.79083597714481,-148.20748191361827,58.15045857324367,0.4,0.4510079609623237,0.39193023934991034,9.571229244559415,0.04026311739965526,0.0036843286334164744,0.004457398173580039
lhs-090,cumulative_output,5,-14.657971448157422,24.011872902191527,-57.02744179089632,-0.13514561540750947,0.0,0.46153098072784493,0.28282883260189406,15.928219417129478,0.007888121917530652,0.020012194021278244,0.004218662718794492
lhs-091,cumulative_output,5,-24.172678406730846,72.78124791200342,-148.7381516021403,29.87905067966676,0.6,0.32356056861375887,0.44973924967952084,13.095486703140235,0.03272020428515774,0.015537535631233876,0.013814636845046583
lhs-092,cumulative_output,5,-85.81619258524515,73.60982023247132,-158.45455957049307,1.318773875970237,0.2,0.2651767944649206,0.4570129099207004,12.079039037498227,0.03772347993537262,0.01806109442110777,0.019436758252772864
lhs-093,cumulative_output,5,-2.7971572667323015,85.60181805767587,-118.79422151962581,115.93426732734315,0.6,0.23039874686437986,0.1687680533449719,13.63334318750919,0.028456513506654738,0.03528074406214489,0.010417102967537006
lhs-094,cumulative_output,5,-14.316177450430041,15.515267307365955,-32.652216275121646,8.392932318744442,0.2,0.25086390869267994,0.18309973577358477,12.754161882055026,0.04557698254848064,0.003036265757161441,0.024198162367025072
lhs-095,cumulative_output,5,-29.40173097846091,22.316575435689927,-65.15579647009281,-3.8583339754436565,0.0,0.3174171617554597,0.5420577121270451,16.29758044879207,0.009799286685100252,0.01229061893305389,0.01458704793242635
lhs-096,cumulative_output,5,-2.408086923865949,5.332713319611156,-10.03662198408847,2.603138289369781,0.6,0.20529898031496774,0.5750606425450625,8.096130590034955,0.005243783873957164,0.034048748478081925,0.019314818767306938
lhs-097,cumulative_output,5,-6.458123785936823,43.01966489424563,-75.22015877269814,31.920667575456264,0.6,0.3378789140993167,0.2746485519606683,8.754561551461347,0.021778914617964235,0.03408519104926396,0.0033725113768268682
lhs-098,cumulative_output,5,-4.797615998876426,29.901498155793877,-38.61443960638826,36.11833523590258,0.4,0.4061343127881972,0.21778088905488124,19.735385433872004,0.02142726152194829,0.008409399186351914,0.0045855146354377525
lhs-099,cumulative_output,5,37.427382547894965,103.61263121821645,-31.153076305537525,217.97331475124633,0.6,0.22338063568664862,0.21642625353435918,17.9650693778795,0.03939079994985621,0.013452950446134967,0.028596968920975047
