pair,regime,period,agent_id,role,quantity,rule_quantity,quantity_difference_llm_minus_rule,maturity,rule_maturity,nominal_rate,rule_nominal_rate
0,administered,1,firm_0,firm,64.29913,10.609567978621948,53.68956202137806,12,8,,
0,administered,1,firm_1,firm,54.51925,12.366777354562506,42.15247264543749,12,8,,
0,administered,1,firm_2,firm,39.2889,12.028828137114992,27.260071862885006,12,8,,
0,administered,1,bank_0,bank,4.187749999999999,5.9825,-1.7947500000000005,12,8,0.05,0.07123068419113132
0,administered,1,bank_1,bank,10.024874999999998,14.32125,-4.296375000000001,12,8,0.05,0.07284760067477847
0,administered,2,firm_0,firm,31.2787,9.622451086387802,21.6562489136122,12,8,,
0,administered,2,firm_1,firm,28.582749999999997,0.0,28.582749999999997,12,8,,
0,administered,2,firm_2,firm,55.408550000000005,9.850482570230913,45.558067429769096,12,8,,
0,administered,2,bank_0,bank,7.75061,11.0723,-3.3216900000000003,12,8,0.05,0.07482293806282204
0,administered,2,bank_1,bank,12.07297,17.2471,-5.17413,12,8,0.05,0.0746673007609131
0,administered,3,firm_0,firm,64.5043,12.976670974888604,51.527629025111395,12,8,,
0,administered,3,firm_1,firm,65.25485,9.49408412005366,55.76076587994635,12,8,,
0,administered,3,firm_2,firm,55.54703,9.9487738123071,45.5982561876929,12,8,,
0,administered,3,bank_0,bank,5.878975,11.75795,-5.878975,12,8,0.06,0.0735069440214412
0,administered,3,bank_1,bank,9.99155,19.9831,-9.99155,12,8,0.06,0.07484076014690053
0,market,1,firm_0,firm,64.29913,10.609567978621948,53.68956202137806,12,8,,
0,market,1,firm_1,firm,54.51925,12.366777354562506,42.15247264543749,12,8,,
0,market,1,firm_2,firm,39.2889,12.028828137114992,27.260071862885006,12,8,,
0,market,1,bank_0,bank,4.187749999999999,5.9825,-1.7947500000000005,12,8,0.05,0.057922736764525244
0,market,1,bank_1,bank,10.024874999999998,14.32125,-4.296375000000001,12,8,0.05,0.06439040269911385
0,market,2,firm_0,firm,31.2787,9.622451086387802,21.6562489136122,12,8,,
0,market,2,firm_1,firm,28.582749999999997,0.0,28.582749999999997,12,8,,
0,market,2,firm_2,firm,55.408550000000005,9.850482570230913,45.558067429769096,12,8,,
0,market,2,bank_0,bank,5.53615,11.0723,-5.53615,12,8,0.07,0.07229175225128817
0,market,2,bank_1,bank,8.62355,17.2471,-8.62355,12,8,0.07,0.07166920304365239
0,market,3,firm_0,firm,64.5043,12.976670974888604,51.527629025111395,12,8,,
0,market,3,firm_1,firm,65.25485,9.49408412005366,55.76076587994635,12,8,,
0,market,3,firm_2,firm,55.54703,9.9487738123071,45.5982561876929,12,8,,
0,market,3,bank_0,bank,8.230564999999999,11.75795,-3.5273850000000007,12,8,0.05,0.06702777608576475
0,market,3,bank_1,bank,13.98817,19.9831,-5.99493,12,8,0.05,0.07236304058760211
1,administered,1,firm_0,firm,33.2129,8.466731266435522,24.746168733564474,12,8,,
1,administered,1,firm_1,firm,28.876849999999997,9.396172400624554,19.480677599375444,12,8,,
1,administered,1,firm_2,firm,72.49185,12.231803001594566,60.260046998405436,12,8,,
1,administered,1,bank_0,bank,6.11445,12.2289,-6.11445,12,8,0.03,0.07858227996629226
1,administered,1,bank_1,bank,8.034575,16.06915,-8.034575,12,8,0.03,0.07746039458235918
1,administered,2,firm_0,firm,40.995400000000004,12.28583605714245,28.709563942857553,12,8,,
1,administered,2,firm_1,firm,28.7149,9.68901990076877,19.02588009923123,12,8,,
1,administered,2,firm_2,firm,37.3,8.122732909866212,29.177267090133785,12,8,,
1,administered,2,bank_0,bank,6.7882,13.5764,-6.7882,12,8,0.05,0.07334772671245512
1,administered,2,bank_1,bank,3.5813,7.1626,-3.5813,12,8,0.05,0.07011271030656742
1,administered,3,firm_0,firm,48.44125,11.681953758562676,36.75929624143732,12,8,,
1,administered,3,firm_1,firm,41.3557,9.530779295641725,31.824920704358274,12,8,,
1,administered,3,firm_2,firm,54.6551,9.740512523092844,44.91458747690715,12,8,,
1,administered,3,bank_0,bank,4.881345,6.97335,-2.0920050000000003,12,8,0.05,0.07182123289438601
1,administered,3,bank_1,bank,9.004075,18.00815,-9.004075,12,8,0.05,0.07726284503170898
1,market,1,firm_0,firm,33.2129,8.466731266435522,24.746168733564474,12,8,,
1,market,1,firm_1,firm,40.427589999999995,9.396172400624554,31.03141759937544,12,8,,
1,market,1,firm_2,firm,72.49185,12.231803001594566,60.260046998405436,12,8,,
1,market,1,bank_0,bank,6.11445,12.2289,-6.11445,12,8,0.05,0.08732911986516903
1,market,1,bank_1,bank,8.034575,16.06915,-8.034575,12,8,0.05,0.08284157832943669
1,market,2,firm_0,firm,57.39356,12.28583605714245,45.10772394285755,12,8,,
1,market,2,firm_1,firm,28.7149,9.68901990076877,19.02588009923123,12,8,,
1,market,2,firm_2,firm,37.3,8.122732909866212,29.177267090133785,12,8,,
1,market,2,bank_0,bank,6.7882,13.5764,-6.7882,12,8,0.06,0.0663909068498205
1,market,2,bank_1,bank,3.5813,7.1626,-3.5813,12,8,0.06,0.05345084122626967
1,market,3,firm_0,firm,48.44125,11.681953758562676,36.75929624143732,12,8,,
1,market,3,firm_1,firm,41.3557,9.530779295641725,31.824920704358274,12,8,,
1,market,3,firm_2,firm,54.6551,9.740512523092844,44.91458747690715,12,8,,
1,market,3,bank_0,bank,3.486675,6.97335,-3.486675,12,8,0.05,0.06028493157754402
1,market,3,bank_1,bank,9.004075,18.00815,-9.004075,12,8,0.05,0.0820513801268359
2,administered,1,firm_0,firm,28.16195,5.642986590713191,22.518963409286812,12,8,,
2,administered,1,firm_1,firm,41.47455,10.960812714388156,30.513737285611846,12,8,,
2,administered,1,firm_2,firm,41.065749999999994,7.631824657203698,33.4339253427963,12,8,,
2,administered,1,bank_0,bank,8.783175,17.56635,-8.783175,12,8,0.06,0.07813989649184143
2,administered,1,bank_1,bank,9.586525,19.17305,-9.586525,12,8,0.06,0.07122283090946206
2,administered,2,firm_0,firm,49.1121,11.299076812158567,37.81302318784143,12,8,,
2,administered,2,firm_1,firm,45.218650000000004,12.09960567695773,33.119044323042274,12,8,,
2,administered,2,firm_2,firm,56.607319999999994,11.43193232849317,45.175387671506826,12,8,,
2,administered,2,bank_0,bank,3.804625,7.60925,-3.804625,12,8,0.03,0.06972077927277484
2,administered,2,bank_1,bank,5.302525,10.60505,-5.302525,12,8,0.03,0.0789059639348414
2,administered,3,firm_0,firm,74.22615,9.939536182108998,64.28661381789101,12,8,,
2,administered,3,firm_1,firm,43.29435,11.415229762083431,31.87912023791657,12,8,,
2,administered,3,firm_2,firm,39.1888,14.09982006417186,25.088979935828142,12,8,,
2,administered,3,bank_0,bank,8.91615,17.8323,-8.91615,12,8,0.05,0.07251280069775347
2,administered,3,bank_1,bank,4.425675,8.85135,-4.425675,12,8,0.05,0.07256581539510325
2,market,1,firm_0,firm,28.16195,5.642986590713191,22.518963409286812,12,8,,
2,market,1,firm_1,firm,41.47455,10.960812714388156,30.513737285611846,12,8,,
2,market,1,firm_2,firm,41.065749999999994,7.631824657203698,33.4339253427963,12,8,,
2,market,1,bank_0,bank,8.783175,17.56635,-8.783175,12,8,0.06,0.08555958596736571
2,market,1,bank_1,bank,9.586525,19.17305,-9.586525,12,8,0.06,0.05789132363784822
2,market,2,firm_0,firm,49.1121,11.299076812158567,37.81302318784143,12,8,,
2,market,2,firm_1,firm,45.218650000000004,12.09960567695773,33.119044323042274,12,8,,
2,market,2,firm_2,firm,56.607319999999994,11.43193232849317,45.175387671506826,12,8,,
2,market,2,bank_0,bank,3.804625,7.60925,-3.804625,12,8,0.06,0.05188311709109933
2,market,2,bank_1,bank,5.302525,10.60505,-5.302525,12,8,0.06,0.08862385573936554
2,market,3,firm_0,firm,74.22615,9.939536182108998,64.28661381789101,12,8,,
2,market,3,firm_1,firm,43.29435,11.415229762083431,31.87912023791657,12,8,,
2,market,3,firm_2,firm,39.1888,14.09982006417186,25.088979935828142,12,8,,
2,market,3,bank_0,bank,12.48261,17.8323,-5.349690000000001,12,8,0.05,0.06305120279101387
2,market,3,bank_1,bank,6.195945,8.85135,-2.655405,12,8,0.05,0.06326326158041295
3,administered,1,firm_0,firm,25.6652,8.710021266399428,16.95517873360057,12,8,,
3,administered,1,firm_1,firm,41.5745,13.01506097762229,28.55943902237771,12,8,,
3,administered,1,firm_2,firm,27.5062,11.413478142135586,16.09272185786441,12,8,,
3,administered,1,bank_0,bank,3.898475,7.79695,-3.898475,12,8,0.05,0.0692788553454778
3,administered,1,bank_1,bank,9.0806,18.1612,-9.0806,12,8,0.05,0.07203108559331273
3,administered,2,firm_0,firm,35.194900000000004,10.024225594128652,25.170674405871353,12,8,,
3,administered,2,firm_1,firm,34.11085,9.912127563765713,24.198722436234284,12,8,,
3,administered,2,firm_2,firm,65.87273,10.56368115589001,55.309048844109995,12,8,,
3,administered,2,bank_0,bank,3.84895,7.6979,-3.84895,12,8,0.05,0.07216441317011234
3,administered,2,bank_1,bank,8.587825,17.17565,-8.587825,12,8,0.05,0.06992839896732296
3,administered,3,firm_0,firm,71.8629,10.548860390976754,61.31403960902324,12,8,,
3,administered,3,firm_1,firm,73.4711,13.116941715646067,60.35415828435394,12,8,,
3,administered,3,firm_2,firm,87.91516999999999,10.078043077624876,77.83712692237512,12,8,,
3,administered,3,bank_0,bank,8.318275,11.88325,-3.5649750000000004,12,8,0.055,0.07020772736353362
3,administered,3,bank_1,bank,9.71642,13.8806,-4.16418,12,8,0.055,0.07443069997667817
3,market,1,firm_0,firm,25.6652,8.710021266399428,16.95517873360057,12,8,,
3,market,1,firm_1,firm,41.5745,13.01506097762229,28.55943902237771,12,8,,
3,market,1,firm_2,firm,27.5062,11.413478142135586,16.09272185786441,12,8,,
3,market,1,bank_0,bank,3.898475,7.79695,-3.898475,12,8,0.06,0.05011542138191117
3,market,1,bank_1,bank,9.0806,18.1612,-9.0806,12,8,0.06,0.06112434237325087
3,market,2,firm_0,firm,35.194900000000004,10.024225594128652,25.170674405871353,12,8,,
3,market,2,firm_1,firm,34.11085,9.912127563765713,24.198722436234284,12,8,,
3,market,2,firm_2,firm,47.051950000000005,10.56368115589001,36.488268844109996,12,8,,
3,market,2,bank_0,bank,3.84895,7.6979,-3.84895,12,8,0.055,0.06165765268044934
3,market,2,bank_1,bank,8.587825,17.17565,-8.587825,12,8,0.055,0.05271359586929179
3,market,3,firm_0,firm,71.8629,10.548860390976754,61.31403960902324,12,8,,
3,market,3,firm_1,firm,73.4711,13.116941715646067,60.35415828435394,12,8,,
3,market,3,firm_2,firm,62.796549999999996,10.078043077624876,52.71850692237512,12,8,,
3,market,3,bank_0,bank,8.318275,11.88325,-3.5649750000000004,12,8,0.06,0.05383090945413445
3,market,3,bank_1,bank,9.71642,13.8806,-4.16418,12,8,0.06,0.07072279990671267
4,administered,1,firm_0,firm,49.737049999999996,11.96504088606064,37.772009113939355,12,8,,
4,administered,1,firm_1,firm,66.67435,13.462799904719697,53.21155009528031,12,8,,
4,administered,1,firm_2,firm,57.371509999999994,9.65897607905,47.712533920949994,12,8,,
4,administered,1,bank_0,bank,3.003275,6.00655,-3.003275,12,8,0.04,0.06923691740522071
4,administered,1,bank_1,bank,9.098325,18.19665,-9.098325,12,8,0.04,0.07432632714296082
4,administered,2,firm_0,firm,68.9206,11.734877082199239,57.18572291780075,12,8,,
4,administered,2,firm_1,firm,47.1121,11.154024090021867,35.958075909978135,12,8,,
4,administered,2,firm_2,firm,63.19103,10.35843305753111,52.83259694246889,12,8,,
4,administered,2,bank_0,bank,6.131265,8.75895,-2.6276850000000005,12,8,0.06,0.07138529900008106
4,administered,2,bank_1,bank,12.466544999999998,17.80935,-5.342805,12,8,0.06,0.08385013437798935
4,administered,3,firm_0,firm,56.882099999999994,8.46243806851237,48.419661931487624,12,8,,
4,administered,3,firm_1,firm,80.03953999999999,10.89544887049069,69.14409112950929,12,8,,
4,administered,3,firm_2,firm,59.2557,9.48262640918144,49.773073590818555,12,8,,
4,administered,3,bank_0,bank,5.353125,10.70625,-5.353125,12,8,0.06,0.07302430940522911
4,administered,3,bank_1,bank,5.07995,10.1599,-5.07995,12,8,0.06,0.0719908787338307
4,market,1,firm_0,firm,49.737049999999996,11.96504088606064,37.772009113939355,12,8,,
4,market,1,firm_1,firm,66.67435,13.462799904719697,53.21155009528031,12,8,,
4,market,1,firm_2,firm,40.97965,9.65897607905,31.32067392095,12,8,,
4,market,1,bank_0,bank,3.003275,6.00655,-3.003275,12,8,0.05,0.049947669620882845
4,market,1,bank_1,bank,9.098325,18.19665,-9.098325,12,8,0.05,0.07030530857184328
4,market,2,firm_0,firm,49.229,11.734877082199239,37.49412291780076,12,8,,
4,market,2,firm_1,firm,47.1121,11.154024090021867,35.958075909978135,12,8,,
4,market,2,firm_2,firm,45.13645,10.35843305753111,34.778016942468895,12,8,,
4,market,2,bank_0,bank,4.379475,8.75895,-4.379475,12,8,0.06,0.0585411960003242
4,market,2,bank_1,bank,8.904675,17.80935,-8.904675,12,8,0.06,0.10840053751195737
4,market,3,firm_0,firm,56.882099999999994,8.46243806851237,48.419661931487624,12,8,,
4,market,3,firm_1,firm,57.171099999999996,10.89544887049069,46.275651129509306,12,8,,
4,market,3,firm_2,firm,59.2557,9.48262640918144,49.773073590818555,12,8,,
4,market,3,bank_0,bank,5.353125,10.70625,-5.353125,12,8,0.05,0.06509723762091642
4,market,3,bank_1,bank,5.07995,10.1599,-5.07995,12,8,0.05,0.0609635149353228
5,administered,1,firm_0,firm,47.0406,8.306509806041602,38.734090193958394,12,8,,
5,administered,1,firm_1,firm,45.6571,10.73768317389884,34.919416826101155,12,8,,
5,administered,1,firm_2,firm,40.98445,10.759201114087906,30.225248885912094,12,8,,
5,administered,1,bank_0,bank,4.077025,8.15405,-4.077025,12,8,0.04,0.06985861084681257
5,administered,1,bank_1,bank,6.590925,13.18185,-6.590925,12,8,0.04,0.07495126104660345
5,administered,2,firm_0,firm,63.015190000000004,13.163807394144639,49.85138260585536,12,8,,
5,administered,2,firm_1,firm,49.847,9.384832453594614,40.46216754640539,12,8,,
5,administered,2,firm_2,firm,63.26434999999999,12.378765921854104,50.88558407814589,12,8,,
5,administered,2,bank_0,bank,13.188524999999998,18.84075,-5.652225000000001,12,8,0.05,0.06987168749628948
5,administered,2,bank_1,bank,11.051215,15.78745,-4.736235000000001,12,8,0.05,0.08917371024315728
5,administered,3,firm_0,firm,67.95485,12.23945036999276,55.715399630007234,12,8,,
5,administered,3,firm_1,firm,47.57925,10.747327211322547,36.83192278867745,12,8,,
5,administered,3,firm_2,firm,23.82815,10.711342987655666,13.116807012344335,12,8,,
5,administered,3,bank_0,bank,9.69155,19.3831,-9.69155,12,8,0.05,0.07053695779650047
5,administered,3,bank_1,bank,9.42475,18.8495,-9.42475,12,8,0.05,0.0698594774111655
5,market,1,firm_0,firm,47.0406,8.306509806041602,38.734090193958394,12,8,,
5,market,1,firm_1,firm,63.91994,10.73768317389884,53.18225682610115,12,8,,
5,market,1,firm_2,firm,40.98445,10.759201114087906,30.225248885912094,12,8,,
5,market,1,bank_0,bank,4.077025,8.15405,-4.077025,12,8,0.05,0.05243444338725024
5,market,1,bank_1,bank,6.590925,13.18185,-6.590925,12,8,0.05,0.0728050441864138
5,market,2,firm_0,firm,63.015190000000004,13.163807394144639,49.85138260585536,12,8,,
5,market,2,firm_1,firm,49.847,9.384832453594614,40.46216754640539,12,8,,
5,market,2,firm_2,firm,63.26434999999999,12.378765921854104,50.88558407814589,12,8,,
5,market,2,bank_0,bank,9.420375,18.84075,-9.420375,12,8,0.06,0.0524867499851579
5,market,2,bank_1,bank,7.893725,15.78745,-7.893725,12,8,0.06,0.12969484097262907
5,market,3,firm_0,firm,67.95485,12.23945036999276,55.715399630007234,12,8,,
5,market,3,firm_1,firm,66.61095,10.747327211322547,55.86362278867745,12,8,,
5,market,3,firm_2,firm,33.35941,10.711342987655666,22.64806701234433,12,8,,
5,market,3,bank_0,bank,9.69155,19.3831,-9.69155,12,8,0.04,0.055147831186001875
5,market,3,bank_1,bank,9.42475,18.8495,-9.42475,12,8,0.04,0.05243790964466195
6,administered,1,firm_0,firm,57.8141,11.490452343437042,46.32364765656296,12,8,,
6,administered,1,firm_1,firm,74.2368,11.138333712286839,63.098466287713165,12,8,,
6,administered,1,firm_2,firm,51.36275,9.945167018985718,41.41758298101428,12,8,,
6,administered,1,bank_0,bank,6.047075,12.09415,-6.047075,12,8,0.06,0.0713278221406177
6,administered,1,bank_1,bank,5.74815,11.4963,-5.74815,12,8,0.06,0.07460312798783371
6,administered,2,firm_0,firm,39.4874,4.23098189015339,35.256418109846614,12,8,,
6,administered,2,firm_1,firm,51.97545,9.719550536245608,42.255899463754396,12,8,,
6,administered,2,firm_2,firm,65.77955,8.116875342308708,57.66267465769129,12,8,,
6,administered,2,bank_0,bank,6.3194,12.6388,-6.3194,12,8,0.06,0.07382468059302597
6,administered,2,bank_1,bank,7.544375,15.08875,-7.544375,12,8,0.06,0.07646279390993686
6,administered,3,firm_0,firm,36.9319,12.849998828242796,24.081901171757202,12,8,,
6,administered,3,firm_1,firm,60.8655,10.35957352826814,50.505926471731854,12,8,,
6,administered,3,firm_2,firm,25.719250000000002,2.7692363575413665,22.950013642458636,12,8,,
6,administered,3,bank_0,bank,11.218024999999999,16.02575,-4.807725,12,8,0.05,0.0730823121833319
6,administered,3,bank_1,bank,9.392494999999998,13.41785,-4.025355000000001,12,8,0.05,0.0701960381877271
6,market,1,firm_0,firm,57.8141,11.490452343437042,46.32364765656296,12,8,,
6,market,1,firm_1,firm,74.2368,11.138333712286839,63.098466287713165,12,8,,
6,market,1,firm_2,firm,51.36275,9.945167018985718,41.41758298101428,12,8,,
6,market,1,bank_0,bank,6.047075,12.09415,-6.047075,12,8,0.05,0.05831128856247077
6,market,1,bank_1,bank,8.04741,11.4963,-3.4488900000000005,12,8,0.055,0.0714125119513348
6,market,2,firm_0,firm,39.4874,4.23098189015339,35.256418109846614,12,8,,
6,market,2,firm_1,firm,51.97545,9.719550536245608,42.255899463754396,12,8,,
6,market,2,firm_2,firm,65.77955,8.116875342308708,57.66267465769129,12,8,,
6,market,2,bank_0,bank,8.847159999999999,12.6388,-3.791640000000001,12,8,0.055,0.06829872237210387
6,market,2,bank_1,bank,10.562124999999998,15.08875,-4.526625000000001,12,8,0.055,0.07885117563974742
6,market,3,firm_0,firm,36.9319,12.849998828242796,24.081901171757202,12,8,,
6,market,3,firm_1,firm,60.8655,10.35957352826814,50.505926471731854,12,8,,
6,market,3,firm_2,firm,25.719250000000002,2.7692363575413665,22.950013642458636,12,8,,
6,market,3,bank_0,bank,8.012875,16.02575,-8.012875,12,8,0.06,0.0653292487333276
6,market,3,bank_1,bank,6.708925,13.41785,-6.708925,12,8,0.06,0.053784152750908386
7,administered,1,firm_0,firm,49.8926,10.979507424771091,38.91309257522891,12,8,,
7,administered,1,firm_1,firm,28.99705,11.165794353284404,17.831255646715597,12,8,,
7,administered,1,firm_2,firm,59.854,9.275605708071405,50.578394291928596,12,8,,
7,administered,1,bank_0,bank,6.896625,13.79325,-6.896625,12,8,0.06,0.07275803296449747
7,administered,1,bank_1,bank,13.5198,19.314,-5.7942,12,8,0.05,0.0719977003309984
7,administered,2,firm_0,firm,60.167950000000005,11.64153802500977,48.52641197499023,12,8,,
7,administered,2,firm_1,firm,71.62254999999999,13.105259127939599,58.51729087206039,12,8,,
7,administered,2,firm_2,firm,55.712050000000005,7.793891900697472,47.91815809930253,12,8,,
7,administered,2,bank_0,bank,6.8464,13.6928,-6.8464,12,8,0.06,0.07193627922382358
7,administered,2,bank_1,bank,6.51075,13.0215,-6.51075,12,8,0.06,0.0734185677950029
7,administered,3,firm_0,firm,36.70795,3.0398262979683945,33.6681237020316,12,8,,
7,administered,3,firm_1,firm,30.6285,9.826306502000717,20.802193497999284,12,8,,
7,administered,3,firm_2,firm,39.5664,9.46423307331308,30.10216692668692,12,8,,
7,administered,3,bank_0,bank,9.12835,13.0405,-3.9121500000000005,12,8,0.05,0.07131875468021315
7,administered,3,bank_1,bank,9.809135,14.01305,-4.203915,12,8,0.05,0.07414917016799616
7,market,1,firm_0,firm,69.84964,10.979507424771091,58.8701325752289,12,8,,
7,market,1,firm_1,firm,28.99705,11.165794353284404,17.831255646715597,12,8,,
7,market,1,firm_2,firm,59.854,9.275605708071405,50.578394291928596,12,8,,
7,market,1,bank_0,bank,6.896625,13.79325,-6.896625,12,8,0.06,0.06403213185798982
7,market,1,bank_1,bank,9.657,19.314,-9.657,12,8,0.06,0.06099080132399354
7,market,2,firm_0,firm,60.167950000000005,11.64153802500977,48.52641197499023,12,8,,
7,market,2,firm_1,firm,71.62254999999999,13.105259127939599,58.51729087206039,12,8,,
7,market,2,firm_2,firm,55.712050000000005,7.793891900697472,47.91815809930253,12,8,,
7,market,2,bank_0,bank,6.8464,13.6928,-6.8464,12,8,0.06,0.06074511689529427
7,market,2,bank_1,bank,6.51075,13.0215,-6.51075,12,8,0.06,0.0666742711800116
7,market,3,firm_0,firm,36.70795,3.0398262979683945,33.6681237020316,12,8,,
7,market,3,firm_1,firm,30.6285,9.826306502000717,20.802193497999284,12,8,,
7,market,3,firm_2,firm,39.5664,9.46423307331308,30.10216692668692,12,8,,
7,market,3,bank_0,bank,6.52025,13.0405,-6.52025,12,8,0.05,0.05827501872085258
7,market,3,bank_1,bank,7.006525,14.01305,-7.006525,12,8,0.05,0.06959668067198463
8,administered,1,firm_0,firm,30.7325,8.741573456955672,21.99092654304433,12,8,,
8,administered,1,firm_1,firm,37.82685,10.365451173467088,27.461398826532914,12,8,,
8,administered,1,firm_2,firm,46.0648,10.17350858750891,35.891291412491086,12,8,,
8,administered,1,bank_0,bank,8.644625,17.28925,-8.644625,12,8,0.05,0.0695659309315898
8,administered,1,bank_1,bank,5.944225,11.88845,-5.944225,12,8,0.05,0.07094642392717816
8,administered,2,firm_0,firm,27.177349999999997,6.873667980804304,20.303682019195694,12,8,,
8,administered,2,firm_1,firm,59.95065999999999,11.302178653528573,48.64848134647142,12,8,,
8,administered,2,firm_2,firm,44.1298,8.493831766887329,35.63596823311268,12,8,,
8,administered,2,bank_0,bank,5.497475,10.99495,-5.497475,12,8,0.05,0.06908291285118047
8,administered,2,bank_1,bank,8.428125,16.85625,-8.428125,12,8,0.05,0.07318364060070799
8,administered,3,firm_0,firm,37.36025,10.303335847620719,27.05691415237928,12,8,,
8,administered,3,firm_1,firm,68.93879999999999,13.56839692352991,55.370403076470076,12,8,,
8,administered,3,firm_2,firm,39.8156,8.762798947686127,31.052801052313875,12,8,,
8,administered,3,bank_0,bank,4.31965,8.6393,-4.31965,12,8,0.06,0.07194948253054237
8,administered,3,bank_1,bank,7.464625,14.92925,-7.464625,12,8,0.06,0.07740672087697865
8,market,1,firm_0,firm,30.7325,8.741573456955672,21.99092654304433,12,8,,
8,market,1,firm_1,firm,52.957589999999996,10.365451173467088,42.59213882653291,12,8,,
8,market,1,firm_2,firm,46.0648,10.17350858750891,35.891291412491086,12,8,,
8,market,1,bank_0,bank,8.644625,17.28925,-8.644625,12,8,0.06,0.05126372372635921
8,market,1,bank_1,bank,5.944225,11.88845,-5.944225,12,8,0.06,0.056785695708712614
8,market,2,firm_0,firm,27.177349999999997,6.873667980804304,20.303682019195694,12,8,,
8,market,2,firm_1,firm,59.95065999999999,11.302178653528573,48.64848134647142,12,8,,
8,market,2,firm_2,firm,44.1298,8.493831766887329,35.63596823311268,12,8,,
8,market,2,bank_0,bank,5.497475,10.99495,-5.497475,12,8,0.06,0.04933165140472186
8,market,2,bank_1,bank,8.428125,16.85625,-8.428125,12,8,0.06,0.06573456240283197
8,market,3,firm_0,firm,52.30435,10.303335847620719,42.001014152379284,12,8,,
8,market,3,firm_1,firm,49.242,13.56839692352991,35.67360307647009,12,8,,
8,market,3,firm_2,firm,39.8156,8.762798947686127,31.052801052313875,12,8,,
8,market,3,bank_0,bank,6.04751,8.6393,-2.5917900000000005,12,8,0.08,0.06079793012216948
8,market,3,bank_1,bank,10.450474999999999,14.92925,-4.478775000000001,12,8,0.08,0.08262688350791458
9,administered,1,firm_0,firm,56.514700000000005,11.53875881772473,44.97594118227528,12,8,,
9,administered,1,firm_1,firm,24.415300000000002,13.452542821283952,10.96275717871605,12,8,,
9,administered,1,firm_2,firm,62.9554,13.396564662929814,49.558835337070185,12,8,,
9,administered,1,bank_0,bank,7.420375,14.84075,-7.420375,12,8,0.05,0.07312170009860824
9,administered,1,bank_1,bank,6.26395,12.5279,-6.26395,12,8,0.05,0.07238429437916274
9,administered,2,firm_0,firm,54.81495,12.492692581393715,42.322257418606284,12,8,,
9,administered,2,firm_1,firm,36.3759,10.068996510674516,26.306903489325485,12,8,,
9,administered,2,firm_2,firm,65.69919999999999,10.619939110067163,55.079260889932826,12,8,,
9,administered,2,bank_0,bank,7.013474999999999,10.01925,-3.0057750000000008,12,8,0.05,0.07250632472321428
9,administered,2,bank_1,bank,11.369015,16.24145,-4.872435000000001,12,8,0.05,0.06951015725849828
9,administered,3,firm_0,firm,71.82965,11.43130107417777,60.39834892582223,12,8,,
9,administered,3,firm_1,firm,60.46995,13.277159165208325,47.19279083479167,12,8,,
9,administered,3,firm_2,firm,56.19893999999999,10.344776477335648,45.854163522664344,12,8,,
9,administered,3,bank_0,bank,9.992989999999999,14.2757,-4.282710000000002,12,8,0.05,0.07081811640589722
9,administered,3,bank_1,bank,7.671334999999999,10.95905,-3.2877150000000004,12,8,0.05,0.07078192573227758
9,market,1,firm_0,firm,56.514700000000005,11.53875881772473,44.97594118227528,12,8,,
9,market,1,firm_1,firm,24.415300000000002,13.452542821283952,10.96275717871605,12,8,,
9,market,1,firm_2,firm,62.9554,13.396564662929814,49.558835337070185,12,8,,
9,market,1,bank_0,bank,7.420375,14.84075,-7.420375,12,8,0.06,0.06548680039443294
9,market,1,bank_1,bank,6.26395,12.5279,-6.26395,12,8,0.06,0.06253717751665097
9,market,2,firm_0,firm,54.81495,12.492692581393715,42.322257418606284,12,8,,
9,market,2,firm_1,firm,36.3759,10.068996510674516,26.306903489325485,12,8,,
9,market,2,firm_2,firm,65.69919999999999,10.619939110067163,55.079260889932826,12,8,,
9,market,2,bank_0,bank,5.009625,10.01925,-5.009625,12,8,0.055,0.06302529889285709
9,market,2,bank_1,bank,8.120725,16.24145,-8.120725,12,8,0.055,0.05104062903399312
9,market,3,firm_0,firm,71.82965,11.43130107417777,60.39834892582223,12,8,,
9,market,3,firm_1,firm,60.46995,13.277159165208325,47.19279083479167,12,8,,
9,market,3,firm_2,firm,56.19893999999999,10.344776477335648,45.854163522664344,12,8,,
9,market,3,bank_0,bank,9.992989999999999,14.2757,-4.282710000000002,12,8,0.05,0.05627246562358885
9,market,3,bank_1,bank,7.671334999999999,10.95905,-3.2877150000000004,12,8,0.05,0.05612770292911028
10,administered,1,firm_0,firm,37.1369,8.127286942911363,29.009613057088636,12,8,,
10,administered,1,firm_1,firm,19.47895,13.435085212202369,6.043864787797633,12,8,,
10,administered,1,firm_2,firm,65.3668,11.010094878141116,54.35670512185888,12,8,,
10,administered,1,bank_0,bank,4.49505,8.9901,-4.49505,12,8,0.06,0.08242034793528848
10,administered,1,bank_1,bank,8.882175,17.76435,-8.882175,12,8,0.06,0.07203456099733957
10,administered,2,firm_0,firm,58.00065,10.342545506387498,47.6581044936125,12,8,,
10,administered,2,firm_1,firm,30.834650000000003,9.357388975851675,21.477261024148326,12,8,,
10,administered,2,firm_2,firm,30.48005,11.438375268295587,19.04167473170441,12,8,,
10,administered,2,bank_0,bank,9.055969999999999,12.9371,-3.8811300000000006,12,8,0.05,0.07157004078940188
10,administered,2,bank_1,bank,3.7083,7.4166,-3.7083,12,8,0.05,0.07655821381799598
10,administered,3,firm_0,firm,64.26378,9.212193880615619,55.05158611938438,12,8,,
10,administered,3,firm_1,firm,64.9183,11.748379395044637,53.169920604955365,12,8,,
10,administered,3,firm_2,firm,49.7531,11.365775472261776,38.38732452773823,12,8,,
10,administered,3,bank_0,bank,10.592925,15.13275,-4.539825,12,8,0.06,0.07418582747794887
10,administered,3,bank_1,bank,7.652469999999999,10.9321,-3.279630000000001,12,8,0.06,0.07172114361162252
10,market,1,firm_0,firm,37.1369,8.127286942911363,29.009613057088636,12,8,,
10,market,1,firm_1,firm,19.47895,13.435085212202369,6.043864787797633,12,8,,
10,market,1,firm_2,firm,65.3668,11.010094878141116,54.35670512185888,12,8,,
10,market,1,bank_0,bank,6.293069999999999,8.9901,-2.6970300000000007,12,8,0.05,0.10268139174115389
10,market,1,bank_1,bank,8.882175,17.76435,-8.882175,12,8,0.05,0.061138243989358264
10,market,2,firm_0,firm,58.00065,10.342545506387498,47.6581044936125,12,8,,
10,market,2,firm_1,firm,30.834650000000003,9.357388975851675,21.477261024148326,12,8,,
10,market,2,firm_2,firm,30.48005,11.438375268295587,19.04167473170441,12,8,,
10,market,2,bank_0,bank,6.46855,12.9371,-6.46855,12,8,0.05,0.0592801631576075
10,market,2,bank_1,bank,3.7083,7.4166,-3.7083,12,8,0.05,0.0792328552719839
10,market,3,firm_0,firm,45.9027,9.212193880615619,36.69050611938438,12,8,,
10,market,3,firm_1,firm,64.9183,11.748379395044637,53.169920604955365,12,8,,
10,market,3,firm_2,firm,49.7531,11.365775472261776,38.38732452773823,12,8,,
10,market,3,bank_0,bank,7.566375,15.13275,-7.566375,12,8,0.06,0.06974330991179549
10,market,3,bank_1,bank,5.46605,10.9321,-5.46605,12,8,0.06,0.05988457444649007
11,administered,1,firm_0,firm,51.71554999999999,13.20048705584597,38.515062944154025,12,8,,
11,administered,1,firm_1,firm,69.15245,13.460033048266542,55.69241695173346,12,8,,
11,administered,1,firm_2,firm,58.68639999999999,8.166962201386571,50.519437798613424,12,8,,
11,administered,1,bank_0,bank,5.687275,11.37455,-5.687275,12,8,0.03,0.07254566762840854
11,administered,1,bank_1,bank,3.809175,7.61835,-3.809175,12,8,0.03,0.07283832212366048
11,administered,2,firm_0,firm,54.0801,12.751351372956616,41.32874862704338,12,8,,
11,administered,2,firm_1,firm,34.1203,10.963089614528837,23.157210385471164,12,8,,
11,administered,2,firm_2,firm,70.37845,11.273822176120568,59.10462782387943,12,8,,
11,administered,2,bank_0,bank,5.96735,11.9347,-5.96735,12,8,0.06,0.06994228248998909
11,administered,2,bank_1,bank,9.7394,19.4788,-9.7394,12,8,0.06,0.07176850768063504
11,administered,3,firm_0,firm,35.98865,12.22881552302402,23.759834476975982,12,8,,
11,administered,3,firm_1,firm,49.500429999999994,8.98490173457263,40.51552826542736,12,8,,
11,administered,3,firm_2,firm,34.32565,12.410223011442255,21.915426988557748,12,8,,
11,administered,3,bank_0,bank,8.19007,11.7001,-3.5100300000000004,12,8,0.05,0.0805720890997425
11,administered,3,bank_1,bank,4.220975,8.44195,-4.220975,12,8,0.06,0.07104454990256623
11,market,1,firm_0,firm,51.71554999999999,13.20048705584597,38.515062944154025,12,8,,
11,market,1,firm_1,firm,69.15245,13.460033048266542,55.69241695173346,12,8,,
11,market,1,firm_2,firm,58.68639999999999,8.166962201386571,50.519437798613424,12,8,,
11,market,1,bank_0,bank,5.687275,11.37455,-5.687275,12,8,0.06,0.06318267051363416
11,market,1,bank_1,bank,3.809175,7.61835,-3.809175,12,8,0.06,0.06435328849464192
11,market,2,firm_0,firm,54.0801,12.751351372956616,41.32874862704338,12,8,,
11,market,2,firm_1,firm,34.1203,10.963089614528837,23.157210385471164,12,8,,
11,market,2,firm_2,firm,70.37845,11.273822176120568,59.10462782387943,12,8,,
11,market,2,bank_0,bank,5.96735,11.9347,-5.96735,12,8,0.06,0.05276912995995632
11,market,2,bank_1,bank,9.7394,19.4788,-9.7394,12,8,0.06,0.06007403072254016
11,market,3,firm_0,firm,35.98865,12.22881552302402,23.759834476975982,12,8,,
11,market,3,firm_1,firm,49.500429999999994,8.98490173457263,40.51552826542736,12,8,,
11,market,3,firm_2,firm,34.32565,12.410223011442255,21.915426988557748,12,8,,
11,market,3,bank_0,bank,5.85005,11.7001,-5.85005,12,8,0.04,0.09528835639896997
11,market,3,bank_1,bank,4.220975,8.44195,-4.220975,12,8,0.04,0.05717819961026487
12,administered,1,firm_0,firm,52.24365,9.08184023311183,43.16180976688817,12,8,,
12,administered,1,firm_1,firm,36.6952,9.950018091890053,26.74518190810995,12,8,,
12,administered,1,firm_2,firm,44.715,11.496303921470243,33.21869607852976,12,8,,
12,administered,1,bank_0,bank,6.305425,12.61085,-6.305425,12,8,0.06,0.08349450677577153
12,administered,1,bank_1,bank,9.441875,18.88375,-9.441875,12,8,0.06,0.06920093370886257
12,administered,2,firm_0,firm,44.311499999999995,8.791941025187244,35.51955897481275,12,8,,
12,administered,2,firm_1,firm,47.449,10.082206875392465,37.36679312460753,12,8,,
12,administered,2,firm_2,firm,41.46975,7.720278707054645,33.74947129294535,12,8,,
12,administered,2,bank_0,bank,9.364425,18.72885,-9.364425,12,8,0.05,0.07028279021049233
12,administered,2,bank_1,bank,7.344275,14.68855,-7.344275,12,8,0.05,0.07433132505940532
12,administered,3,firm_0,firm,30.47785,13.44092134656548,17.036928653434522,12,8,,
12,administered,3,firm_1,firm,55.20545,14.003861339634012,41.201588660365985,12,8,,
12,administered,3,firm_2,firm,49.5157,12.573910876067064,36.941789123932935,12,8,,
12,administered,3,bank_0,bank,7.23525,14.4705,-7.23525,12,8,0.05,0.07695219540516562
12,administered,3,bank_1,bank,4.69155,9.3831,-4.69155,12,8,0.05,0.07692452737796379
12,market,1,firm_0,firm,52.24365,9.08184023311183,43.16180976688817,12,8,,
12,market,1,firm_1,firm,36.6952,9.950018091890053,26.74518190810995,12,8,,
12,market,1,firm_2,firm,44.715,11.496303921470243,33.21869607852976,12,8,,
12,market,1,bank_0,bank,6.305425,12.61085,-6.305425,12,8,0.06,0.10697802710308607
12,market,1,bank_1,bank,9.441875,18.88375,-9.441875,12,8,0.06,0.04980373483545025
12,market,2,firm_0,firm,44.311499999999995,8.791941025187244,35.51955897481275,12,8,,
12,market,2,firm_1,firm,47.449,10.082206875392465,37.36679312460753,12,8,,
12,market,2,firm_2,firm,41.46975,7.720278707054645,33.74947129294535,12,8,,
12,market,2,bank_0,bank,9.364425,18.72885,-9.364425,12,8,0.05,0.0541311608419693
12,market,2,bank_1,bank,7.344275,14.68855,-7.344275,12,8,0.06,0.07032530023762122
12,market,3,firm_0,firm,30.47785,13.44092134656548,17.036928653434522,12,8,,
12,market,3,firm_1,firm,55.20545,14.003861339634012,41.201588660365985,12,8,,
12,market,3,firm_2,firm,49.5157,12.573910876067064,36.941789123932935,12,8,,
12,market,3,bank_0,bank,10.129349999999999,14.4705,-4.341150000000001,12,8,0.05,0.08080878162066245
12,market,3,bank_1,bank,6.56817,9.3831,-2.8149300000000004,12,8,0.05,0.08069810951185513
13,administered,1,firm_0,firm,63.131550000000004,10.18822558549115,52.94332441450885,12,8,,
13,administered,1,firm_1,firm,41.8745,11.238981336286919,30.63551866371308,12,8,,
13,administered,1,firm_2,firm,38.12175,9.645766501978315,28.475983498021684,12,8,,
13,administered,1,bank_0,bank,3.03465,6.0693,-3.03465,12,8,0.06,0.06904023380916222
13,administered,1,bank_1,bank,7.460675,14.92135,-7.460675,12,8,0.05,0.07520001777014321
13,administered,2,firm_0,firm,64.94655,13.175203324920643,51.77134667507936,12,8,,
13,administered,2,firm_1,firm,60.640550000000005,11.43306442283867,49.207485577161336,12,8,,
13,administered,2,firm_2,firm,51.06155,8.566109744015796,42.4954402559842,12,8,,
13,administered,2,bank_0,bank,12.810595,18.30085,-5.490255000000001,12,8,0.05,0.07380629137565223
13,administered,2,bank_1,bank,10.339945,14.77135,-4.431405,12,8,0.05,0.06984887329666456
13,administered,3,firm_0,firm,39.06825,8.786786901548513,30.281463098451486,12,8,,
13,administered,3,firm_1,firm,65.1079,13.191039140173455,51.91686085982654,12,8,,
13,administered,3,firm_2,firm,53.6648,13.1752994594541,40.4895005405459,12,8,,
13,administered,3,bank_0,bank,4.1836,8.3672,-4.1836,12,8,0.06,0.07387046888887469
13,administered,3,bank_1,bank,3.713775,7.42755,-3.713775,12,8,0.05,0.07174467306621175
13,market,1,firm_0,firm,63.131550000000004,10.18822558549115,52.94332441450885,12,8,,
13,market,1,firm_1,firm,41.8745,11.238981336286919,30.63551866371308,12,8,,
13,market,1,firm_2,firm,38.12175,9.645766501978315,28.475983498021684,12,8,,
13,market,1,bank_0,bank,3.03465,6.0693,-3.03465,12,8,0.06,0.04916093523664882
13,market,1,bank_1,bank,7.460675,14.92135,-7.460675,12,8,0.06,0.0738000710805728
13,market,2,firm_0,firm,64.94655,13.175203324920643,51.77134667507936,12,8,,
13,market,2,firm_1,firm,60.640550000000005,11.43306442283867,49.207485577161336,12,8,,
13,market,2,firm_2,firm,51.06155,8.566109744015796,42.4954402559842,12,8,,
13,market,2,bank_0,bank,9.150425,18.30085,-9.150425,12,8,0.05,0.06822516550260889
13,market,2,bank_1,bank,7.385675,14.77135,-7.385675,12,8,0.05,0.05239549318665822
13,market,3,firm_0,firm,39.06825,8.786786901548513,30.281463098451486,12,8,,
13,market,3,firm_1,firm,65.1079,13.191039140173455,51.91686085982654,12,8,,
13,market,3,firm_2,firm,53.6648,13.1752994594541,40.4895005405459,12,8,,
13,market,3,bank_0,bank,4.1836,8.3672,-4.1836,12,8,0.06,0.06848187555549873
13,market,3,bank_1,bank,3.713775,7.42755,-3.713775,12,8,0.06,0.05997869226484702
14,administered,1,firm_0,firm,63.9524,9.653796377587017,54.29860362241298,12,8,,
14,administered,1,firm_1,firm,29.0424,0.0,29.0424,12,8,,
14,administered,1,firm_2,firm,66.26695,13.654931389449608,52.612018610550386,12,8,,
14,administered,1,bank_0,bank,7.654359999999999,10.9348,-3.2804400000000005,12,8,0.05,0.07692781185252268
14,administered,1,bank_1,bank,4.9408449999999995,7.05835,-2.1175050000000004,12,8,0.05,0.07375684411525958
14,administered,2,firm_0,firm,68.99668999999999,9.03000983198713,59.96668016801286,12,8,,
14,administered,2,firm_1,firm,62.434189999999994,9.360682547139161,53.07350745286083,12,8,,
14,administered,2,firm_2,firm,49.4144,10.282516035905564,39.131883964094435,12,8,,
14,administered,2,bank_0,bank,7.837575,15.67515,-7.837575,12,8,0.05,0.07093638386007979
14,administered,2,bank_1,bank,9.69437,13.8491,-4.154730000000001,12,8,0.05,0.07369703250521742
14,administered,3,firm_0,firm,68.40917999999999,10.055273954746346,58.353906045253645,12,8,,
14,administered,3,firm_1,firm,57.704449999999994,11.055994140113112,46.64845585988688,12,8,,
14,administered,3,firm_2,firm,57.8919,12.928621368468693,44.96327863153131,12,8,,
14,administered,3,bank_0,bank,3.602575,7.20515,-3.602575,12,8,0.06,0.06991010662141037
14,administered,3,bank_1,bank,7.804325,15.60865,-7.804325,12,8,0.05,0.0740196628902093
14,market,1,firm_0,firm,63.9524,9.653796377587017,54.29860362241298,12,8,,
14,market,1,firm_1,firm,29.0424,0.0,29.0424,12,8,,
14,market,1,firm_2,firm,66.26695,13.654931389449608,52.612018610550386,12,8,,
14,market,1,bank_0,bank,5.4674,10.9348,-5.4674,12,8,0.07,0.0807112474100907
14,market,1,bank_1,bank,3.529175,7.05835,-3.529175,12,8,0.07,0.06802737646103828
14,market,2,firm_0,firm,49.28335,9.03000983198713,40.25334016801287,12,8,,
14,market,2,firm_1,firm,44.59585,9.360682547139161,35.235167452860836,12,8,,
14,market,2,firm_2,firm,49.4144,10.282516035905564,39.131883964094435,12,8,,
14,market,2,bank_0,bank,10.972605,15.67515,-4.702545000000001,12,8,0.05,0.056745535440319114
14,market,2,bank_1,bank,9.69437,13.8491,-4.154730000000001,12,8,0.05,0.06778813002086967
14,market,3,firm_0,firm,68.40917999999999,10.055273954746346,58.353906045253645,12,8,,
14,market,3,firm_1,firm,57.704449999999994,11.055994140113112,46.64845585988688,12,8,,
14,market,3,firm_2,firm,57.8919,12.928621368468693,44.96327863153131,12,8,,
14,market,3,bank_0,bank,5.0436049999999994,7.20515,-2.1615450000000003,12,8,0.05,0.05264042648564146
14,market,3,bank_1,bank,7.804325,15.60865,-7.804325,12,8,0.06,0.06907865156083717
15,administered,1,firm_0,firm,35.8594,9.018195708448323,26.841204291551676,12,8,,
15,administered,1,firm_1,firm,57.037499999999994,10.900728369180852,46.13677163081914,12,8,,
15,administered,1,firm_2,firm,41.2351,13.601117440499415,27.633982559500588,12,8,,
15,administered,1,bank_0,bank,11.872069999999999,16.9601,-5.088030000000002,12,8,0.05,0.07158989117131422
15,administered,1,bank_1,bank,6.80638,9.7234,-2.91702,12,8,0.05,0.07053806235079464
15,administered,2,firm_0,firm,47.4118,8.514057955617774,38.89774204438223,12,8,,
15,administered,2,firm_1,firm,54.79605,8.621330317980481,46.17471968201952,12,8,,
15,administered,2,firm_2,firm,64.17193999999999,7.9015841357869085,56.27035586421309,12,8,,
15,administered,2,bank_0,bank,11.219109999999999,16.0273,-4.8081900000000015,12,8,0.05,0.07223563364297789
15,administered,2,bank_1,bank,12.971559999999998,18.5308,-5.559240000000001,12,8,0.05,0.07667825597573749
15,administered,3,firm_0,firm,43.6251,11.670365639155804,31.9547343608442,12,8,,
15,administered,3,firm_1,firm,64.72501,10.17553677989301,54.54947322010699,12,8,,
15,administered,3,firm_2,firm,36.64065,6.373303018983902,30.267346981016097,12,8,,
15,administered,3,bank_0,bank,3.97075,7.9415,-3.97075,12,8,0.05,0.07033229131750277
15,administered,3,bank_1,bank,9.320525,18.64105,-9.320525,12,8,0.05,0.07440163958637097
15,market,1,firm_0,firm,35.8594,9.018195708448323,26.841204291551676,12,8,,
15,market,1,firm_1,firm,57.037499999999994,10.900728369180852,46.13677163081914,12,8,,
15,market,1,firm_2,firm,41.2351,13.601117440499415,27.633982559500588,12,8,,
15,market,1,bank_0,bank,8.48005,16.9601,-8.48005,12,8,0.05,0.059359564685256855
15,market,1,bank_1,bank,4.8617,9.7234,-4.8617,12,8,0.05,0.05515224940317855
15,market,2,firm_0,firm,47.4118,8.514057955617774,38.89774204438223,12,8,,
15,market,2,firm_1,firm,54.79605,8.621330317980481,46.17471968201952,12,8,,
15,market,2,firm_2,firm,64.17193999999999,7.9015841357869085,56.27035586421309,12,8,,
15,market,2,bank_0,bank,8.01365,16.0273,-8.01365,12,8,0.06,0.06194253457191153
15,market,2,bank_1,bank,9.2654,18.5308,-9.2654,12,8,0.06,0.07971302390294996
15,market,3,firm_0,firm,61.07514,11.670365639155804,49.40477436084419,12,8,,
15,market,3,firm_1,firm,46.232150000000004,10.17553677989301,36.056613220106996,12,8,,
15,market,3,firm_2,firm,36.64065,6.373303018983902,30.267346981016097,12,8,,
15,market,3,bank_0,bank,5.559049999999999,7.9415,-2.3824500000000004,12,8,0.05,0.05432916527001106
15,market,3,bank_1,bank,13.048734999999999,18.64105,-5.592315000000001,12,8,0.054,0.07060655834548389
16,administered,1,firm_0,firm,46.6318,12.764962734695338,33.86683726530466,12,8,,
16,administered,1,firm_1,firm,34.865849999999995,2.6495384577409826,32.216311542259014,12,8,,
16,administered,1,firm_2,firm,28.616300000000003,3.0561908010543295,25.560109198945675,12,8,,
16,administered,1,bank_0,bank,4.018825,8.03765,-4.018825,12,8,0.05,0.07422177549006177
16,administered,1,bank_1,bank,4.903375,9.80675,-4.903375,12,8,0.05,0.0712007380562819
16,administered,2,firm_0,firm,38.52365,10.747630132364337,27.776019867635668,12,8,,
16,administered,2,firm_1,firm,21.53725,6.1839622953552755,15.353287704644725,12,8,,
16,administered,2,firm_2,firm,25.46495,13.205888738707095,12.259061261292906,12,8,,
16,administered,2,bank_0,bank,9.73217,13.9031,-4.17093,12,8,0.05,0.07721401837798772
16,administered,2,bank_1,bank,9.34787,13.3541,-4.00623,12,8,0.05,0.07614978355430464
16,administered,3,firm_0,firm,67.0985,11.273995035373526,55.82450496462648,12,8,,
16,administered,3,firm_1,firm,68.26005,10.613169761308189,57.64688023869182,12,8,,
16,administered,3,firm_2,firm,41.9679,9.005987124833231,32.96191287516677,12,8,,
16,administered,3,bank_0,bank,8.8974,17.7948,-8.8974,12,8,0.06,0.0712575569278395
16,administered,3,bank_1,bank,7.969225,15.93845,-7.969225,12,8,0.06,0.06925233726075213
16,market,1,firm_0,firm,46.6318,12.764962734695338,33.86683726530466,12,8,,
16,market,1,firm_1,firm,34.865849999999995,2.6495384577409826,32.216311542259014,12,8,,
16,market,1,firm_2,firm,28.616300000000003,3.0561908010543295,25.560109198945675,12,8,,
16,market,1,bank_0,bank,4.018825,8.03765,-4.018825,12,8,0.06,0.06988710196024706
16,market,1,bank_1,bank,6.864724999999999,9.80675,-2.942025,12,8,0.055,0.05780295222512756
16,market,2,firm_0,firm,38.52365,10.747630132364337,27.776019867635668,12,8,,
16,market,2,firm_1,firm,21.53725,6.1839622953552755,15.353287704644725,12,8,,
16,market,2,firm_2,firm,25.46495,13.205888738707095,12.259061261292906,12,8,,
16,market,2,bank_0,bank,6.95155,13.9031,-6.95155,12,8,0.06,0.08185607351195086
16,market,2,bank_1,bank,6.67705,13.3541,-6.67705,12,8,0.06,0.07759913421721853
16,market,3,firm_0,firm,67.0985,11.273995035373526,55.82450496462648,12,8,,
16,market,3,firm_1,firm,68.26005,10.613169761308189,57.64688023869182,12,8,,
16,market,3,firm_2,firm,41.9679,9.005987124833231,32.96191287516677,12,8,,
16,market,3,bank_0,bank,8.8974,17.7948,-8.8974,12,8,0.06,0.058030227711357955
16,market,3,bank_1,bank,7.969225,15.93845,-7.969225,12,8,0.06,0.050009349043008494
17,administered,1,firm_0,firm,52.4832,10.754175332542308,41.729024667457686,12,8,,
17,administered,1,firm_1,firm,46.92635,9.913581330902293,37.01276866909771,12,8,,
17,administered,1,firm_2,firm,29.21485,10.417756091022508,18.79709390897749,12,8,,
17,administered,1,bank_0,bank,9.3326,18.6652,-9.3326,12,8,0.05,0.07079260418967566
17,administered,1,bank_1,bank,3.1542,6.3084,-3.1542,12,8,0.05,0.07080973998892406
17,administered,2,firm_0,firm,32.924800000000005,8.117676822335756,24.80712317766425,12,8,,
17,administered,2,firm_1,firm,28.003999999999998,7.7744862984937,20.2295137015063,12,8,,
17,administered,2,firm_2,firm,51.1711,8.74450172089855,42.426598279101455,12,8,,
17,administered,2,bank_0,bank,12.57396,17.9628,-5.388840000000002,12,8,0.05,0.07382214001831323
17,administered,2,bank_1,bank,13.007855,18.58265,-5.574795000000002,12,8,0.05,0.07306593054888783
17,administered,3,firm_0,firm,36.40705,11.77083241369419,24.636217586305808,12,8,,
17,administered,3,firm_1,firm,45.88785,12.018043306767902,33.8698066932321,12,8,,
17,administered,3,firm_2,firm,56.473299999999995,9.550556955015356,46.92274304498464,12,8,,
17,administered,3,bank_0,bank,13.722904999999999,19.60415,-5.881245000000002,12,8,0.05,0.07034172181585975
17,administered,3,bank_1,bank,8.52985,17.0597,-8.52985,12,8,0.06,0.07289826784890686
17,market,1,firm_0,firm,52.4832,10.754175332542308,41.729024667457686,12,8,,
17,market,1,firm_1,firm,65.69689,9.913581330902293,55.78330866909771,12,8,,
17,market,1,firm_2,firm,29.21485,10.417756091022508,18.79709390897749,12,8,,
17,market,1,bank_0,bank,13.065639999999998,18.6652,-5.59956,12,8,0.08,0.05617041675870262
17,market,1,bank_1,bank,4.41588,6.3084,-1.8925200000000002,12,8,0.08,0.05623895995569625
17,market,2,firm_0,firm,32.924800000000005,8.117676822335756,24.80712317766425,12,8,,
17,market,2,firm_1,firm,39.2056,7.7744862984937,31.4311137015063,12,8,,
17,market,2,firm_2,firm,51.1711,8.74450172089855,42.426598279101455,12,8,,
17,market,2,bank_0,bank,8.9814,17.9628,-8.9814,12,8,0.06,0.06828856007325294
17,market,2,bank_1,bank,9.291325,18.58265,-9.291325,12,8,0.06,0.0652637221955513
17,market,3,firm_0,firm,36.40705,11.77083241369419,24.636217586305808,12,8,,
17,market,3,firm_1,firm,64.24298999999999,12.018043306767902,52.22494669323209,12,8,,
17,market,3,firm_2,firm,56.473299999999995,9.550556955015356,46.92274304498464,12,8,,
17,market,3,bank_0,bank,13.722904999999999,19.60415,-5.881245000000002,12,8,0.05,0.05436688726343899
17,market,3,bank_1,bank,11.94179,17.0597,-5.11791,12,8,0.05,0.06459307139562746
18,administered,1,firm_0,firm,33.96765,8.05948424298456,25.90816575701544,12,8,,
18,administered,1,firm_1,firm,52.987449999999995,9.576414605155376,43.41103539484462,12,8,,
18,administered,1,firm_2,firm,59.33915,12.452049929472688,46.88710007052731,12,8,,
18,administered,1,bank_0,bank,8.741275,17.48255,-8.741275,12,8,0.06,0.07446253752125614
18,administered,1,bank_1,bank,8.548075,17.09615,-8.548075,12,8,0.06,0.07364255865049125
18,administered,2,firm_0,firm,35.56655,12.716685271090878,22.84986472890912,12,8,,
18,administered,2,firm_1,firm,17.77015,0.0,17.77015,12,8,,
18,administered,2,firm_2,firm,28.59955,10.48552550252588,18.11402449747412,12,8,,
18,administered,2,bank_0,bank,4.782855,6.83265,-2.0497950000000005,12,8,0.05,0.08285745558410623
18,administered,2,bank_1,bank,12.324024999999999,17.60575,-5.281725000000002,12,8,0.05,0.06938323455786388
18,administered,3,firm_0,firm,60.06923999999999,12.588922884502637,47.48031711549736,12,8,,
18,administered,3,firm_1,firm,20.05075,14.135234068763994,5.915515931236007,12,8,,
18,administered,3,firm_2,firm,66.636,12.314907381019289,54.32109261898071,12,8,,
18,administered,3,bank_0,bank,3.5465149999999994,5.06645,-1.5199350000000003,12,8,0.05,0.08023954153794366
18,administered,3,bank_1,bank,11.371674999999998,16.24525,-4.873575000000001,12,8,0.06,0.07121015212890766
18,market,1,firm_0,firm,33.96765,8.05948424298456,25.90816575701544,12,8,,
18,market,1,firm_1,firm,52.987449999999995,9.576414605155376,43.41103539484462,12,8,,
18,market,1,firm_2,firm,59.33915,12.452049929472688,46.88710007052731,12,8,,
18,market,1,bank_0,bank,8.741275,17.48255,-8.741275,12,8,0.05,0.07085015008502454
18,market,1,bank_1,bank,8.548075,17.09615,-8.548075,12,8,0.05,0.067570234601965
18,market,2,firm_0,firm,35.56655,12.716685271090878,22.84986472890912,12,8,,
18,market,2,firm_1,firm,17.77015,0.0,17.77015,12,8,,
18,market,2,firm_2,firm,28.59955,10.48552550252588,18.11402449747412,12,8,,
18,market,2,bank_0,bank,3.416325,6.83265,-3.416325,12,8,0.06,0.1044298223364249
18,market,2,bank_1,bank,8.802875,17.60575,-8.802875,12,8,0.06,0.050532938231455535
18,market,3,firm_0,firm,60.06923999999999,12.588922884502637,47.48031711549736,12,8,,
18,market,3,firm_1,firm,28.07105,14.135234068763994,13.935815931236005,12,8,,
18,market,3,firm_2,firm,66.636,12.314907381019289,54.32109261898071,12,8,,
18,market,3,bank_0,bank,3.5465149999999994,5.06645,-1.5199350000000003,12,8,0.06,0.09395816615177462
18,market,3,bank_1,bank,11.371674999999998,16.24525,-4.873575000000001,12,8,0.06,0.05784060851563064
19,administered,1,firm_0,firm,36.05515,9.094447161659051,26.960702838340946,12,8,,
19,administered,1,firm_1,firm,47.634,11.843296889923645,35.79070311007636,12,8,,
19,administered,1,firm_2,firm,66.33332999999999,10.579330893343244,55.75399910665675,12,8,,
19,administered,1,bank_0,bank,12.211464999999999,17.44495,-5.233485,12,8,0.05,0.07233847838605834
19,administered,1,bank_1,bank,13.74373,19.6339,-5.890170000000001,12,8,0.05,0.0787806041044725
19,administered,2,firm_0,firm,51.4593,11.869447204803432,39.58985279519656,12,8,,
19,administered,2,firm_1,firm,26.11555,0.0,26.11555,12,8,,
19,administered,2,firm_2,firm,44.42015,10.555059381882248,33.86509061811775,12,8,,
19,administered,2,bank_0,bank,5.686075,11.37215,-5.686075,12,8,0.06,0.07441296161060756
19,administered,2,bank_1,bank,7.269324999999999,10.38475,-3.115425000000001,12,8,0.05,0.07170007116040537
19,administered,3,firm_0,firm,59.6224,9.752790273854844,49.86960972614516,12,8,,
19,administered,3,firm_1,firm,37.869299999999996,9.89666126726155,27.972638732738446,12,8,,
19,administered,3,firm_2,firm,46.51690000000001,11.426840402449866,35.09005959755014,12,8,,
19,administered,3,bank_0,bank,9.817325,19.63465,-9.817325,12,8,0.06,0.0737584237690602
19,administered,3,bank_1,bank,3.305925,6.61185,-3.305925,12,8,0.06,0.07552225489540867
19,market,1,firm_0,firm,36.05515,9.094447161659051,26.960702838340946,12,8,,
19,market,1,firm_1,firm,47.634,11.843296889923645,35.79070311007636,12,8,,
19,market,1,firm_2,firm,47.38095,10.579330893343244,36.80161910665676,12,8,,
19,market,1,bank_0,bank,8.722475,17.44495,-8.722475,12,8,0.06,0.062353913544233294
19,market,1,bank_1,bank,9.81695,19.6339,-9.81695,12,8,0.06,0.08812241641788998
19,market,2,firm_0,firm,51.4593,11.869447204803432,39.58985279519656,12,8,,
19,market,2,firm_1,firm,26.11555,0.0,26.11555,12,8,,
19,market,2,firm_2,firm,44.42015,10.555059381882248,33.86509061811775,12,8,,
19,market,2,bank_0,bank,5.686075,11.37215,-5.686075,12,8,0.05,0.07065184644243024
19,market,2,bank_1,bank,5.192375,10.38475,-5.192375,12,8,0.05,0.05980028464162148
19,market,3,firm_0,firm,59.6224,9.752790273854844,49.86960972614516,12,8,,
19,market,3,firm_1,firm,53.01701999999999,9.89666126726155,43.12035873273844,12,8,,
19,market,3,firm_2,firm,65.12366,11.426840402449866,53.69681959755013,12,8,,
19,market,3,bank_0,bank,13.744254999999999,19.63465,-5.890395000000002,12,8,0.06,0.06803369507624075
19,market,3,bank_1,bank,1.9835549999999997,6.61185,-4.628295,12,8,0.07,0.0750890195816347
20,administered,1,firm_0,firm,63.59521,8.78221824796505,54.812991752034954,12,8,,
20,administered,1,firm_1,firm,32.9475,10.589995996467472,22.357504003532526,12,8,,
20,administered,1,firm_2,firm,66.1878,10.37682715297499,55.810972847025006,12,8,,
20,administered,1,bank_0,bank,6.1099499999999995,8.7285,-2.618550000000001,12,8,0.03,0.07129011860244909
20,administered,1,bank_1,bank,9.653175,19.30635,-9.653175,12,8,0.03,0.0707647457259747
20,administered,2,firm_0,firm,26.035,14.286399341813809,11.748600658186191,12,8,,
20,administered,2,firm_1,firm,64.7899,10.472240254905117,54.317659745094886,12,8,,
20,administered,2,firm_2,firm,43.595600000000005,11.243332058536371,32.35226794146364,12,8,,
20,administered,2,bank_0,bank,2.8695,9.565,-6.695499999999999,12,8,0.05,0.07263424258647984
20,administered,2,bank_1,bank,3.84975,12.8325,-8.98275,12,8,0.05,0.06992184385301967
20,administered,3,firm_0,firm,33.05075,5.5088849879659465,27.541865012034055,12,8,,
20,administered,3,firm_1,firm,63.74914,12.366585023765962,51.38255497623403,12,8,,
20,administered,3,firm_2,firm,52.474549999999994,13.437727409059654,39.03682259094034,12,8,,
20,administered,3,bank_0,bank,9.931005,14.18715,-4.256145,12,8,0.055,0.06956294664696093
20,administered,3,bank_1,bank,12.983039999999999,18.5472,-5.564160000000001,12,8,0.055,0.07060171876561995
20,market,1,firm_0,firm,63.59521,8.78221824796505,54.812991752034954,12,8,,
20,market,1,firm_1,firm,46.12649999999999,10.589995996467472,35.53650400353252,12,8,,
20,market,1,firm_2,firm,66.1878,10.37682715297499,55.810972847025006,12,8,,
20,market,1,bank_0,bank,6.1099499999999995,8.7285,-2.618550000000001,12,8,0.05,0.05816047440979634
20,market,1,bank_1,bank,13.514444999999998,19.30635,-5.791905,12,8,0.05,0.05605898290389878
20,market,2,firm_0,firm,26.035,14.286399341813809,11.748600658186191,12,8,,
20,market,2,firm_1,firm,64.7899,10.472240254905117,54.317659745094886,12,8,,
20,market,2,firm_2,firm,43.595600000000005,11.243332058536371,32.35226794146364,12,8,,
20,market,2,bank_0,bank,6.695499999999999,9.565,-2.8695000000000004,12,8,0.05,0.06353697034591935
20,market,2,bank_1,bank,8.98275,12.8325,-3.8497500000000002,12,8,0.05,0.052687375412078644
20,market,3,firm_0,firm,33.05075,5.5088849879659465,27.541865012034055,12,8,,
20,market,3,firm_1,firm,63.74914,12.366585023765962,51.38255497623403,12,8,,
20,market,3,firm_2,firm,52.474549999999994,13.437727409059654,39.03682259094034,12,8,,
20,market,3,bank_0,bank,7.093575,14.18715,-7.093575,12,8,0.05,0.0512517865878437
20,market,3,bank_1,bank,9.2736,18.5472,-9.2736,12,8,0.05,0.05540687506247978
21,administered,1,firm_0,firm,65.23125,11.26999684105558,53.96125315894442,12,8,,
21,administered,1,firm_1,firm,60.19531,9.864873670905133,50.330436329094866,12,8,,
21,administered,1,firm_2,firm,35.93015,10.91001805402248,25.020131945977518,12,8,,
21,administered,1,bank_0,bank,8.441405,12.05915,-3.617745000000001,12,8,0.06,0.07090429980334191
21,administered,1,bank_1,bank,11.317074999999999,16.16725,-4.850175,12,8,0.06,0.06915662380488857
21,administered,2,firm_0,firm,39.23975,12.764410385397845,26.475339614602156,12,8,,
21,administered,2,firm_1,firm,56.7134,10.015287752855077,46.69811224714492,12,8,,
21,administered,2,firm_2,firm,58.19755,11.211713367359303,46.9858366326407,12,8,,
21,administered,2,bank_0,bank,3.777275,7.55455,-3.777275,12,8,0.05,0.07618359725889942
21,administered,2,bank_1,bank,7.8246,15.6492,-7.8246,12,8,0.05,0.07091515352021276
21,administered,3,firm_0,firm,39.29835,11.667353046970302,27.630996953029697,12,8,,
21,administered,3,firm_1,firm,18.1846,0.0,18.1846,12,8,,
21,administered,3,firm_2,firm,24.5018,9.585398845798707,14.916401154201292,12,8,,
21,administered,3,bank_0,bank,7.955289999999999,11.3647,-3.4094100000000003,12,8,0.05,0.07344989940750382
21,administered,3,bank_1,bank,6.160209999999999,8.8003,-2.6400900000000007,12,8,0.05,0.07110356161810627
21,market,1,firm_0,firm,46.59375,11.26999684105558,35.32375315894442,12,8,,
21,market,1,firm_1,firm,42.99665,9.864873670905133,33.13177632909487,12,8,,
21,market,1,firm_2,firm,35.93015,10.91001805402248,25.020131945977518,12,8,,
21,market,1,bank_0,bank,8.441405,12.05915,-3.617745000000001,12,8,0.05,0.0566171992133676
21,market,1,bank_1,bank,8.083625,16.16725,-8.083625,12,8,0.05,0.049626495219554284
21,market,2,firm_0,firm,39.23975,12.764410385397845,26.475339614602156,12,8,,
21,market,2,firm_1,firm,56.7134,10.015287752855077,46.69811224714492,12,8,,
21,market,2,firm_2,firm,58.19755,11.211713367359303,46.9858366326407,12,8,,
21,market,2,bank_0,bank,3.777275,7.55455,-3.777275,12,8,0.07,0.07773438903559765
21,market,2,bank_1,bank,7.8246,15.6492,-7.8246,12,8,0.07,0.05666061408085101
21,market,3,firm_0,firm,39.29835,11.667353046970302,27.630996953029697,12,8,,
21,market,3,firm_1,firm,18.1846,0.0,18.1846,12,8,,
21,market,3,firm_2,firm,24.5018,9.585398845798707,14.916401154201292,12,8,,
21,market,3,bank_0,bank,5.68235,11.3647,-5.68235,12,8,0.055,0.06679959763001528
21,market,3,bank_1,bank,4.40015,8.8003,-4.40015,12,8,0.055,0.057414246472425046
22,administered,1,firm_0,firm,59.5419,12.743616621415718,46.79828337858428,12,8,,
22,administered,1,firm_1,firm,42.4853,8.887016008603473,33.59828399139653,12,8,,
22,administered,1,firm_2,firm,21.03915,12.175914159551166,8.863235840448834,12,8,,
22,administered,1,bank_0,bank,9.06125,18.1225,-9.06125,12,8,0.05,0.07243778175933419
22,administered,1,bank_1,bank,9.271525,18.54305,-9.271525,12,8,0.06,0.07326601659166662
22,administered,2,firm_0,firm,67.59535,10.391624061446105,57.20372593855389,12,8,,
22,administered,2,firm_1,firm,38.427800000000005,8.284592625582414,30.143207374417592,12,8,,
22,administered,2,firm_2,firm,56.605900000000005,12.109099913399264,44.49680008660074,12,8,,
22,administered,2,bank_0,bank,6.724,13.448,-6.724,12,8,0.05,0.08048215239427159
22,administered,2,bank_1,bank,8.1534,16.3068,-8.1534,12,8,0.05,0.07078388004903027
22,administered,3,firm_0,firm,24.92675,11.669356433387694,13.257393566612304,12,8,,
22,administered,3,firm_1,firm,62.74456999999999,11.462720093886189,51.2818499061138,12,8,,
22,administered,3,firm_2,firm,69.27431,13.37989284151845,55.89441715848155,12,8,,
22,administered,3,bank_0,bank,5.045075,7.20725,-2.1621750000000004,12,8,0.05,0.07379481430938689
22,administered,3,bank_1,bank,9.066925,12.95275,-3.8858250000000005,12,8,0.05,0.07033702027285478
22,market,1,firm_0,firm,59.5419,12.743616621415718,46.79828337858428,12,8,,
22,market,1,firm_1,firm,42.4853,8.887016008603473,33.59828399139653,12,8,,
22,market,1,firm_2,firm,21.03915,12.175914159551166,8.863235840448834,12,8,,
22,market,1,bank_0,bank,9.06125,18.1225,-9.06125,12,8,0.05,0.06275112703733673
22,market,1,bank_1,bank,9.271525,18.54305,-9.271525,12,8,0.055,0.06606406636666645
22,market,2,firm_0,firm,67.59535,10.391624061446105,57.20372593855389,12,8,,
22,market,2,firm_1,firm,38.427800000000005,8.284592625582414,30.143207374417592,12,8,,
22,market,2,firm_2,firm,56.605900000000005,12.109099913399264,44.49680008660074,12,8,,
22,market,2,bank_0,bank,6.724,13.448,-6.724,12,8,0.05,0.09492860957708635
22,market,2,bank_1,bank,8.1534,16.3068,-8.1534,12,8,0.06,0.05613552019612107
22,market,3,firm_0,firm,24.92675,11.669356433387694,13.257393566612304,12,8,,
22,market,3,firm_1,firm,62.74456999999999,11.462720093886189,51.2818499061138,12,8,,
22,market,3,firm_2,firm,49.48165,13.37989284151845,36.101757158481554,12,8,,
22,market,3,bank_0,bank,3.603625,7.20725,-3.603625,12,8,0.06,0.06817925723754753
22,market,3,bank_1,bank,6.476375,12.95275,-6.476375,12,8,0.06,0.0543480810914191
23,administered,1,firm_0,firm,60.176050000000004,9.578757786182491,50.59729221381751,12,8,,
23,administered,1,firm_1,firm,21.2569,0.0,21.2569,12,8,,
23,administered,1,firm_2,firm,36.8779,11.02416521893786,25.853734781062137,12,8,,
23,administered,1,bank_0,bank,5.735425,11.47085,-5.735425,12,8,0.05,0.08113546011470282
23,administered,1,bank_1,bank,2.6613,5.3226,-2.6613,12,8,0.05,0.07076662510090531
23,administered,2,firm_0,firm,24.638199999999998,10.787228173247136,13.850971826752861,12,8,,
23,administered,2,firm_1,firm,67.14959999999999,12.890706417706593,54.258893582293396,12,8,,
23,administered,2,firm_2,firm,58.134789999999995,8.801099864893951,49.333690135106046,12,8,,
23,administered,2,bank_0,bank,13.872075,19.81725,-5.945175000000001,12,8,0.05,0.07219750689365181
23,administered,2,bank_1,bank,12.137754999999999,17.33965,-5.201895,12,8,0.05,0.0724302932475677
23,administered,3,firm_0,firm,51.9658,12.541372447700565,39.424427552299434,12,8,,
23,administered,3,firm_1,firm,39.93365,9.77399712677816,30.15965287322184,12,8,,
23,administered,3,firm_2,firm,59.7817,13.697368315650072,46.08433168434993,12,8,,
23,administered,3,bank_0,bank,7.98515,15.9703,-7.98515,12,8,0.05,0.06950807473396976
23,administered,3,bank_1,bank,2.75495,5.5099,-2.75495,12,8,0.05,0.07314035058686272
23,market,1,firm_0,firm,60.176050000000004,9.578757786182491,50.59729221381751,12,8,,
23,market,1,firm_1,firm,21.2569,0.0,21.2569,12,8,,
23,market,1,firm_2,firm,36.8779,11.02416521893786,25.853734781062137,12,8,,
23,market,1,bank_0,bank,5.735425,11.47085,-5.735425,12,8,0.06,0.09754184045881127
23,market,1,bank_1,bank,2.6613,5.3226,-2.6613,12,8,0.06,0.0560665004036212
23,market,2,firm_0,firm,24.638199999999998,10.787228173247136,13.850971826752861,12,8,,
23,market,2,firm_1,firm,47.964,12.890706417706593,35.0732935822934,12,8,,
23,market,2,firm_2,firm,41.52485,8.801099864893951,32.72375013510605,12,8,,
23,market,2,bank_0,bank,9.908625,19.81725,-9.908625,12,8,0.06,0.06179002757460724
23,market,2,bank_1,bank,8.669825,17.33965,-8.669825,12,8,0.06,0.06272117299027076
23,market,3,firm_0,firm,51.9658,12.541372447700565,39.424427552299434,12,8,,
23,market,3,firm_1,firm,39.93365,9.77399712677816,30.15965287322184,12,8,,
23,market,3,firm_2,firm,59.7817,13.697368315650072,46.08433168434993,12,8,,
23,market,3,bank_0,bank,7.98515,15.9703,-7.98515,12,8,0.06,0.051032298935879024
23,market,3,bank_1,bank,2.75495,5.5099,-2.75495,12,8,0.06,0.06556140234745086
24,administered,1,firm_0,firm,52.6472,10.473676406767362,42.17352359323264,12,8,,
24,administered,1,firm_1,firm,49.537549999999996,8.518819198465192,41.0187308015348,12,8,,
24,administered,1,firm_2,firm,66.35804,8.828280816673505,57.5297591833265,12,8,,
24,administered,1,bank_0,bank,6.794475,13.58895,-6.794475,12,8,0.05,0.07164571509345397
24,administered,1,bank_1,bank,3.59405,7.1881,-3.59405,12,8,0.05,0.07852330161719219
24,administered,2,firm_0,firm,49.40914999999999,10.661418363723545,38.74773163627644,12,8,,
24,administered,2,firm_1,firm,65.7251,9.64241871924513,56.08268128075487,12,8,,
24,administered,2,firm_2,firm,43.3075,9.763258591403824,33.54424140859617,12,8,,
24,administered,2,bank_0,bank,12.676965000000001,18.10995,-5.432985,12,8,0.055,0.07206841359631055
24,administered,2,bank_1,bank,8.359435,11.94205,-3.5826150000000005,12,8,0.055,0.0738244670205662
24,administered,3,firm_0,firm,58.1101,12.03065460668582,46.07944539331418,12,8,,
24,administered,3,firm_1,firm,64.94075000000001,12.723597940271064,52.217152059728946,12,8,,
24,administered,3,firm_2,firm,42.439299999999996,12.692995844942502,29.746304155057494,12,8,,
24,administered,3,bank_0,bank,8.6672,17.3344,-8.6672,12,8,0.05,0.07095389296010486
24,administered,3,bank_1,bank,6.251675,12.50335,-6.251675,12,8,0.05,0.07521313969226305
24,market,1,firm_0,firm,52.6472,10.473676406767362,42.17352359323264,12,8,,
24,market,1,firm_1,firm,49.537549999999996,8.518819198465192,41.0187308015348,12,8,,
24,market,1,firm_2,firm,47.3986,8.828280816673505,38.5703191833265,12,8,,
24,market,1,bank_0,bank,6.794475,13.58895,-6.794475,12,8,0.05,0.05958286037381583
24,market,1,bank_1,bank,3.59405,7.1881,-3.59405,12,8,0.05,0.08709320646876874
24,market,2,firm_0,firm,49.40914999999999,10.661418363723545,38.74773163627644,12,8,,
24,market,2,firm_1,firm,65.7251,9.64241871924513,56.08268128075487,12,8,,
24,market,2,firm_2,firm,43.3075,9.763258591403824,33.54424140859617,12,8,,
24,market,2,bank_0,bank,12.676965000000001,18.10995,-5.432985,12,8,0.05,0.061273654385242196
24,market,2,bank_1,bank,8.359435,11.94205,-3.5826150000000005,12,8,0.05,0.0682978680822648
24,market,3,firm_0,firm,58.1101,12.03065460668582,46.07944539331418,12,8,,
24,market,3,firm_1,firm,64.94075000000001,12.723597940271064,52.217152059728946,12,8,,
24,market,3,firm_2,firm,42.439299999999996,12.692995844942502,29.746304155057494,12,8,,
24,market,3,bank_0,bank,8.6672,17.3344,-8.6672,12,8,0.0599,0.05681557184041941
24,market,3,bank_1,bank,6.251675,12.50335,-6.251675,12,8,0.0594,0.0738525587690522
25,administered,1,firm_0,firm,35.98695,7.721841420118343,28.265108579881655,12,8,,
25,administered,1,firm_1,firm,47.2167,10.163937597742855,37.052762402257144,12,8,,
25,administered,1,firm_2,firm,42.36475,9.991126455848544,32.37362354415146,12,8,,
25,administered,1,bank_0,bank,4.8692,6.956,-2.0868,12,8,0.03,0.0706074019020879
25,administered,1,bank_1,bank,12.886545,18.40935,-5.522805,12,8,0.03,0.06980662467292234
25,administered,2,firm_0,firm,38.4689,12.70530184490871,25.763598155091287,12,8,,
25,administered,2,firm_1,firm,17.5091,12.876951121086368,4.6321488789136325,12,8,,
25,administered,2,firm_2,firm,53.47765,10.835517407405709,42.64213259259429,12,8,,
25,administered,2,bank_0,bank,6.496475,12.99295,-6.496475,12,8,0.06,0.08694877731384275
25,administered,2,bank_1,bank,7.029875,14.05975,-7.029875,12,8,0.06,0.07285263447300722
25,administered,3,firm_0,firm,34.03415,9.510124238785911,24.524025761214084,12,8,,
25,administered,3,firm_1,firm,37.3593,10.912213479356312,26.447086520643687,12,8,,
25,administered,3,firm_2,firm,35.3329,10.894085274259075,24.438814725740926,12,8,,
25,administered,3,bank_0,bank,7.796809999999999,11.1383,-3.3414900000000003,12,8,0.05,0.07105019550018603
25,administered,3,bank_1,bank,5.309849999999999,7.5855,-2.2756500000000006,12,8,0.05,0.07169723182379123
25,market,1,firm_0,firm,35.98695,7.721841420118343,28.265108579881655,12,8,,
25,market,1,firm_1,firm,66.10338,10.163937597742855,55.93944240225714,12,8,,
25,market,1,firm_2,firm,42.36475,9.991126455848544,32.37362354415146,12,8,,
25,market,1,bank_0,bank,4.8692,6.956,-2.0868,12,8,0.06,0.05542960760835157
25,market,1,bank_1,bank,12.886545,18.40935,-5.522805,12,8,0.06,0.052226498691689334
25,market,2,firm_0,firm,38.4689,12.70530184490871,25.763598155091287,12,8,,
25,market,2,firm_1,firm,17.5091,12.876951121086368,4.6321488789136325,12,8,,
25,market,2,firm_2,firm,53.47765,10.835517407405709,42.64213259259429,12,8,,
25,market,2,bank_0,bank,9.7447125,12.99295,-3.2482375,12,8,0.055,0.12079510925537096
25,market,2,bank_1,bank,9.841824999999998,14.05975,-4.217925000000001,12,8,0.05,0.06441053789202883
25,market,3,firm_0,firm,34.03415,9.510124238785911,24.524025761214084,12,8,,
25,market,3,firm_1,firm,37.3593,10.912213479356312,26.447086520643687,12,8,,
25,market,3,firm_2,firm,35.3329,10.894085274259075,24.438814725740926,12,8,,
25,market,3,bank_0,bank,5.56915,11.1383,-5.56915,12,8,0.06,0.05720078200074411
25,market,3,bank_1,bank,3.79275,7.5855,-3.79275,12,8,0.06,0.059788927295164905
26,administered,1,firm_0,firm,26.51165,0.0,26.51165,12,8,,
26,administered,1,firm_1,firm,53.3502,9.819079651466435,43.53112034853356,12,8,,
26,administered,1,firm_2,firm,23.197699999999998,0.0,23.197699999999998,12,8,,
26,administered,1,bank_0,bank,7.102275,14.20455,-7.102275,12,8,0.06,0.07268565607982734
26,administered,1,bank_1,bank,4.964675,9.92935,-4.964675,12,8,0.06,0.07827732429487308
26,administered,2,firm_0,firm,21.1049,12.14252303885177,8.96237696114823,12,8,,
26,administered,2,firm_1,firm,31.61635,0.0,31.61635,12,8,,
26,administered,2,firm_2,firm,66.3369,10.566637458368328,55.77026254163167,12,8,,
26,administered,2,bank_0,bank,9.3595,18.719,-9.3595,12,8,0.05,0.07080779055745018
26,administered,2,bank_1,bank,3.120025,6.24005,-3.120025,12,8,0.05,0.07325039815081069
26,administered,3,firm_0,firm,16.817,13.287834161081829,3.5291658389181713,12,8,,
26,administered,3,firm_1,firm,60.9053,12.573745995144868,48.33155400485513,12,8,,
26,administered,3,firm_2,firm,27.2977,5.717915923508842,21.57978407649116,12,8,,
26,administered,3,bank_0,bank,9.704125,19.40825,-9.704125,12,8,0.06,0.0719672815350036
26,administered,3,bank_1,bank,5.6306,11.2612,-5.6306,12,8,0.06,0.08517401913413221
26,market,1,firm_0,firm,26.51165,0.0,26.51165,12,8,,
26,market,1,firm_1,firm,53.3502,9.819079651466435,43.53112034853356,12,8,,
26,market,1,firm_2,firm,23.197699999999998,0.0,23.197699999999998,12,8,,
26,market,1,bank_0,bank,7.102275,14.20455,-7.102275,12,8,0.07,0.06374262431930934
26,market,1,bank_1,bank,4.964675,9.92935,-4.964675,12,8,0.07,0.08610929717949233
26,market,2,firm_0,firm,21.1049,12.14252303885177,8.96237696114823,12,8,,
26,market,2,firm_1,firm,31.61635,0.0,31.61635,12,8,,
26,market,2,firm_2,firm,66.3369,10.566637458368328,55.77026254163167,12,8,,
26,market,2,bank_0,bank,9.3595,18.719,-9.3595,12,8,0.05,0.0562311622298007
26,market,2,bank_1,bank,3.120025,6.24005,-3.120025,12,8,0.05,0.06600159260324272
26,market,3,firm_0,firm,16.817,13.287834161081829,3.5291658389181713,12,8,,
26,market,3,firm_1,firm,60.9053,12.573745995144868,48.33155400485513,12,8,,
26,market,3,firm_2,firm,27.2977,5.717915923508842,21.57978407649116,12,8,,
26,market,3,bank_0,bank,9.704125,19.40825,-9.704125,12,8,0.05,0.06086912614001442
26,market,3,bank_1,bank,5.6306,11.2612,-5.6306,12,8,0.05,0.1136960765365288
27,administered,1,firm_0,firm,56.25669,9.08372666582581,47.17296333417419,12,8,,
27,administered,1,firm_1,firm,44.5557,11.950517303683114,32.60518269631689,12,8,,
27,administered,1,firm_2,firm,71.1267,13.126791945107206,57.99990805489279,12,8,,
27,administered,1,bank_0,bank,6.95513,9.9359,-2.9807700000000006,12,8,0.03,0.07160140275696986
27,administered,1,bank_1,bank,7.9128,11.304,-3.3912000000000004,12,8,0.03,0.07250371839212023
27,administered,2,firm_0,firm,63.543899999999994,12.943617061975278,50.60028293802472,12,8,,
27,administered,2,firm_1,firm,55.22855,10.03126928139056,45.197280718609434,12,8,,
27,administered,2,firm_2,firm,63.75255,12.72857362207164,51.02397637792836,12,8,,
27,administered,2,bank_0,bank,5.43025,7.7575,-2.3272500000000003,12,8,0.03,0.0705787639658214
27,administered,2,bank_1,bank,10.68207,15.2601,-4.57803,12,8,0.03,0.07571258428636
27,administered,3,firm_0,firm,27.8829,4.125671682194773,23.757228317805225,12,8,,
27,administered,3,firm_1,firm,55.1306,8.477354961463815,46.653245038536184,12,8,,
27,administered,3,firm_2,firm,58.147600000000004,9.257680942744912,48.88991905725509,12,8,,
27,administered,3,bank_0,bank,7.709375,15.41875,-7.709375,12,8,0.06,0.07283747755329535
27,administered,3,bank_1,bank,8.094175,16.18835,-8.094175,12,8,0.06,0.07465292240646328
27,market,1,firm_0,firm,56.25669,9.08372666582581,47.17296333417419,12,8,,
27,market,1,firm_1,firm,44.5557,11.950517303683114,32.60518269631689,12,8,,
27,market,1,firm_2,firm,71.1267,13.126791945107206,57.99990805489279,12,8,,
27,market,1,bank_0,bank,6.95513,9.9359,-2.9807700000000006,12,8,0.05,0.059405611027879376
27,market,1,bank_1,bank,7.9128,11.304,-3.3912000000000004,12,8,0.05,0.0630148735684809
27,market,2,firm_0,firm,45.3885,12.943617061975278,32.44488293802472,12,8,,
27,market,2,firm_1,firm,55.22855,10.03126928139056,45.197280718609434,12,8,,
27,market,2,firm_2,firm,63.75255,12.72857362207164,51.02397637792836,12,8,,
27,market,2,bank_0,bank,3.87875,7.7575,-3.87875,12,8,0.06,0.05531505586328559
27,market,2,bank_1,bank,7.63005,15.2601,-7.63005,12,8,0.06,0.07585033714544002
27,market,3,firm_0,firm,27.8829,4.125671682194773,23.757228317805225,12,8,,
27,market,3,firm_1,firm,55.1306,8.477354961463815,46.653245038536184,12,8,,
27,market,3,firm_2,firm,58.147600000000004,9.257680942744912,48.88991905725509,12,8,,
27,market,3,bank_0,bank,7.709375,15.41875,-7.709375,12,8,0.05,0.06434991021318141
27,market,3,bank_1,bank,8.094175,16.18835,-8.094175,12,8,0.05,0.0716116896258531
28,administered,1,firm_0,firm,51.3182,13.908590308600504,37.409609691399496,12,8,,
28,administered,1,firm_1,firm,56.162749999999996,13.03640287741977,43.12634712258023,12,8,,
28,administered,1,firm_2,firm,56.624539999999996,11.807413984738176,44.81712601526182,12,8,,
28,administered,1,bank_0,bank,7.356775,14.71355,-7.356775,12,8,0.05,0.07274983721838782
28,administered,1,bank_1,bank,4.616875,9.23375,-4.616875,12,8,0.05,0.07019350298480903
28,administered,2,firm_0,firm,25.0691,1.8709930192487576,23.19810698075124,12,8,,
28,administered,2,firm_1,firm,57.65455,9.670068507640869,47.98448149235913,12,8,,
28,administered,2,firm_2,firm,34.0196,11.477461065554644,22.542138934445354,12,8,,
28,administered,2,bank_0,bank,3.298,6.596,-3.298,12,8,0.06,0.0700505537215668
28,administered,2,bank_1,bank,8.6172,17.2344,-8.6172,12,8,0.06,0.07218732332691674
28,administered,3,firm_0,firm,51.5788,9.958398810591884,41.62040118940811,12,8,,
28,administered,3,firm_1,firm,66.22854,13.164125130599794,53.0644148694002,12,8,,
28,administered,3,firm_2,firm,38.0624,11.068277182383786,26.99412281761621,12,8,,
28,administered,3,bank_0,bank,13.186005,18.83715,-5.651145000000001,12,8,0.05,0.0697116623364644
28,administered,3,bank_1,bank,9.5886,13.698,-4.109400000000001,12,8,0.05,0.06974376928666472
28,market,1,firm_0,firm,51.3182,13.908590308600504,37.409609691399496,12,8,,
28,market,1,firm_1,firm,56.162749999999996,13.03640287741977,43.12634712258023,12,8,,
28,market,1,firm_2,firm,56.624539999999996,11.807413984738176,44.81712601526182,12,8,,
28,market,1,bank_0,bank,7.356775,14.71355,-7.356775,12,8,0.06,0.06399934887355124
28,market,1,bank_1,bank,4.616875,9.23375,-4.616875,12,8,0.06,0.05377401193923609
28,market,2,firm_0,firm,25.0691,1.8709930192487576,23.19810698075124,12,8,,
28,market,2,firm_1,firm,57.65455,9.670068507640869,47.98448149235913,12,8,,
28,market,2,firm_2,firm,34.0196,11.477461065554644,22.542138934445354,12,8,,
28,market,2,bank_0,bank,3.298,6.596,-3.298,12,8,0.05,0.053202214886267155
28,market,2,bank_1,bank,8.6172,17.2344,-8.6172,12,8,0.05,0.061749293307666965
28,market,3,firm_0,firm,51.5788,9.958398810591884,41.62040118940811,12,8,,
28,market,3,firm_1,firm,47.3061,13.164125130599794,34.14197486940021,12,8,,
28,market,3,firm_2,firm,38.0624,11.068277182383786,26.99412281761621,12,8,,
28,market,3,bank_0,bank,9.418575,18.83715,-9.418575,12,8,0.06,0.051846649345857615
28,market,3,bank_1,bank,6.849,13.698,-6.849,12,8,0.06,0.05197507714665887
29,administered,1,firm_0,firm,49.5192,13.475748686503922,36.04345131349608,12,8,,
29,administered,1,firm_1,firm,61.748050000000006,13.593539497406088,48.15451050259392,12,8,,
29,administered,1,firm_2,firm,24.9617,11.18129297094658,13.780407029053421,12,8,,
29,administered,1,bank_0,bank,9.33037,13.3291,-3.99873,12,8,0.05,0.0706454950164671
29,administered,1,bank_1,bank,4.01535,8.0307,-4.01535,12,8,0.05,0.07474136858176593
29,administered,2,firm_0,firm,54.808049999999994,8.903577055649915,45.904472944350076,12,8,,
29,administered,2,firm_1,firm,59.8069,11.711427723969075,48.095472276030925,12,8,,
29,administered,2,firm_2,firm,20.30565,0.0,20.30565,12,8,,
29,administered,2,bank_0,bank,9.264675,13.23525,-3.970575,12,8,0.03,0.07045729587953156
29,administered,2,bank_1,bank,13.471079999999999,19.2444,-5.77332,12,8,0.03,0.07146613194071372
29,administered,3,firm_0,firm,25.03415,5.496619809059174,19.537530190940828,12,8,,
29,administered,3,firm_1,firm,66.67808,10.73070275689223,55.947377243107766,12,8,,
29,administered,3,firm_2,firm,55.741350000000004,11.959481964299806,43.7818680357002,12,8,,
29,administered,3,bank_0,bank,9.9946,14.278,-4.2834,12,8,0.05,0.07047217303968772
29,administered,3,bank_1,bank,4.020625,5.74375,-1.7231250000000005,12,8,0.05,0.06915716792491329
29,market,1,firm_0,firm,49.5192,13.475748686503922,36.04345131349608,12,8,,
29,market,1,firm_1,firm,61.748050000000006,13.593539497406088,48.15451050259392,12,8,,
29,market,1,firm_2,firm,24.9617,11.18129297094658,13.780407029053421,12,8,,
29,market,1,bank_0,bank,6.66455,13.3291,-6.66455,12,8,0.06,0.05558198006586836
29,market,1,bank_1,bank,4.01535,8.0307,-4.01535,12,8,0.06,0.07196547432706371
29,market,2,firm_0,firm,54.808049999999994,8.903577055649915,45.904472944350076,12,8,,
29,market,2,firm_1,firm,59.8069,11.711427723969075,48.095472276030925,12,8,,
29,market,2,firm_2,firm,20.30565,0.0,20.30565,12,8,,
29,market,2,bank_0,bank,6.617625,13.23525,-6.617625,12,8,0.06,0.05482918351812621
29,market,2,bank_1,bank,9.6222,19.2444,-9.6222,12,8,0.06,0.058864527762854876
29,market,3,firm_0,firm,25.03415,5.496619809059174,19.537530190940828,12,8,,
29,market,3,firm_1,firm,66.67808,10.73070275689223,55.947377243107766,12,8,,
29,market,3,firm_2,firm,55.741350000000004,11.959481964299806,43.7818680357002,12,8,,
29,market,3,bank_0,bank,9.9946,14.278,-4.2834,12,8,0.08,0.05488869215875087
29,market,3,bank_1,bank,2.871875,5.74375,-2.871875,12,8,0.06,0.04962867169965313
