run_id,scenario_id,rate_regime,replication,run_id_1,cumulative_new_credit,cumulative_output,unresolved_liquidity_shortfall,mean_unfunded_share,credit_weighted_productivity,opening_deposits,deposit_hhi
b955cc9a0ccc3df3c00521aa,addendum_concentration_100_5_high,administered,0,b955cc9a0ccc3df3c00521aa,7658.5534980111115,12047.026622307387,0.0,0.39539500557281393,1.0328757311895018,872.9228963066287,0.42440599921541394
3f2b3e87bf3ad08df3d8b938,addendum_concentration_100_5_high,administered,1,3f2b3e87bf3ad08df3d8b938,5121.070110426296,11339.46143407168,0.0,0.3828391768339059,1.0617541838124782,1318.3804365536048,0.38890387636238327
689e442413ba5078626be1d5,addendum_concentration_100_5_high,administered,2,689e442413ba5078626be1d5,4575.29564055176,12789.068590229317,0.0,0.0594860469650908,1.0170677471637282,2350.3227503787944,0.2925771048643734
b37e0bc4017ac1208b0f32a5,addendum_concentration_100_5_high,administered,3,b37e0bc4017ac1208b0f32a5,5651.143404709145,13735.922759364961,0.0,0.1061246426330299,1.0584083916272673,2492.2391104876497,0.3017788209915552
50664b432495be2312281bbe,addendum_concentration_100_5_high,administered,4,50664b432495be2312281bbe,3258.705454450696,15142.36046400151,0.0,0.14885251313665263,1.0682541056447077,2881.9183563605575,0.2752228819422895
c52faab62104e2cbd84e62da,addendum_concentration_100_5_high,administered,5,c52faab62104e2cbd84e62da,3921.584777808166,19365.046401340485,0.0,0.1643441584988298,1.0841210733537592,4111.346111266507,0.30179374398864384
755be8da5bdd1ae92d827c17,addendum_concentration_100_5_high,administered,6,755be8da5bdd1ae92d827c17,4042.902281018242,12027.108732416697,0.0,0.34905606904331204,1.0520567517421986,1396.249446134742,0.2689180758695432
676850e00e82d403d2d5b047,addendum_concentration_100_5_high,administered,7,676850e00e82d403d2d5b047,5441.002391756937,10925.08504306286,0.0,0.42026541423727554,1.0658693458472237,749.7087188904225,0.37212077134746846
3e00da7f2834e1a334484ce1,addendum_concentration_100_5_high,administered,8,3e00da7f2834e1a334484ce1,5914.126725726906,11766.704726705648,0.0,0.3086040515105269,1.0478741580484405,1239.566156421079,0.24091768033579133
0d1ca6d8ed0ad1afd33e5925,addendum_concentration_100_5_high,administered,9,0d1ca6d8ed0ad1afd33e5925,4475.042969314398,11050.88778886498,0.0,0.5062060173642,1.076399234722302,1107.511382974718,0.3247849048904736
7b9295231ebc13343a083d0d,addendum_concentration_100_5_high,administered,10,7b9295231ebc13343a083d0d,9166.722777337742,13020.356565348742,0.0,0.26136523853518945,1.0351629758600451,1205.0888431279895,0.23479450816078645
7cba73db733f82b248fafe91,addendum_concentration_100_5_high,administered,11,7cba73db733f82b248fafe91,7376.479658584089,11925.928284322097,0.0,0.24045132232705912,1.045307626312204,1288.7395628608401,0.4086082543462277
7f12be460554864970db3911,addendum_concentration_100_5_high,administered,12,7f12be460554864970db3911,6051.909354437636,11631.862943007742,0.0,0.3461325334387549,1.0694819376935385,1290.4450312302738,0.41305079176802545
939dd94269b14e38a49b3845,addendum_concentration_100_5_high,administered,13,939dd94269b14e38a49b3845,4619.594430598109,17980.277322291127,0.0,0.09925833660634392,1.0481225032639299,3168.6790654483716,0.31051133011883353
c8c9538fea1d84309c054ec2,addendum_concentration_100_5_high,administered,14,c8c9538fea1d84309c054ec2,5530.195465789902,10795.50730121693,0.0,0.4133300709607582,1.0664458730542719,764.751835343749,0.39266823247448995
712f3e8255cf4fb5370b7ed9,addendum_concentration_100_5_high,administered,15,712f3e8255cf4fb5370b7ed9,5815.8289409084,10731.675835719467,0.0,0.5138902005310988,1.0575652668989892,680.7312259355776,0.28484552291574283
ceaf90073ed296e543c7c56d,addendum_concentration_100_5_high,administered,16,ceaf90073ed296e543c7c56d,4212.484883758121,10729.02728023243,0.0,0.30678988740898544,1.043810487499738,1384.6914313150533,0.3385168477795579
10ce2f38f8bd0d732868e8c8,addendum_concentration_100_5_high,administered,17,10ce2f38f8bd0d732868e8c8,6097.6715270719715,11600.290155508937,0.0,0.4085320667615792,1.0326552916169673,1221.6104552109991,0.3191798040046812
16ed0e44a89e5057d8abd0bc,addendum_concentration_100_5_high,administered,18,16ed0e44a89e5057d8abd0bc,5676.188741186545,12962.832652235953,0.0,0.1985648649993331,1.0609906236228634,2152.6138226575918,0.28307298849724083
98435b3c220acc09804405af,addendum_concentration_100_5_high,administered,19,98435b3c220acc09804405af,3701.5753770723322,16256.688464358484,0.0,0.14078680926849993,1.110207624054939,2777.2061878358236,0.3435322469441515
6793b416cbfcc3dff59f930e,addendum_concentration_100_5_high,administered,20,6793b416cbfcc3dff59f930e,4763.916158757663,10403.46921513683,0.0,0.43737916023329193,1.0708404065390957,1071.534843866532,0.370797578581129
97a3f9f6767d8b4ed67853ad,addendum_concentration_100_5_high,administered,21,97a3f9f6767d8b4ed67853ad,4023.572444593636,10602.086120352507,0.0,0.4406272253373759,1.0742349923453,1277.7820107991201,0.364908307174831
3cef8b4ecf9537a745a9dd6a,addendum_concentration_100_5_high,administered,22,3cef8b4ecf9537a745a9dd6a,3427.4937168943734,17555.820884902365,0.0,0.2916380405687991,1.045314731079451,3248.29000046459,0.30740983143639533
a9e4fa0e05a37d01437e4de7,addendum_concentration_100_5_high,administered,23,a9e4fa0e05a37d01437e4de7,3271.460233400594,11568.827433382448,0.0,0.47628120184837625,1.044621874106169,1866.417559421473,0.3287909298831426
5a8d302e4188ae6fad10b7a6,addendum_concentration_100_5_high,administered,24,5a8d302e4188ae6fad10b7a6,6086.519045135979,15453.052773176667,0.0,0.09781990801137962,1.040119358397885,2875.1918522148,0.2985790124511741
302416b4e09d1f2bd1a58b3c,addendum_concentration_100_5_high,market,0,302416b4e09d1f2bd1a58b3c,2211.9674971156287,9166.280497845033,0.0,0.922335991615182,1.1494500464378827,872.2940088109509,0.41997463434541304
20cb115ca400e444821772dd,addendum_concentration_100_5_high,market,1,20cb115ca400e444821772dd,2596.356048870356,10404.941227286075,0.0,0.8830755828875062,1.1247845845938125,1316.5528353896664,0.3303798519648662
f89eb37f6ab43083ae2aabbf,addendum_concentration_100_5_high,market,2,f89eb37f6ab43083ae2aabbf,2982.6023219635194,12624.202025950148,0.0,0.7979881239997392,1.0553339996197697,2242.8309543453206,0.2853432345256123
e25aae4397f467ec2a0a90fc,addendum_concentration_100_5_high,market,3,e25aae4397f467ec2a0a90fc,3956.0471813497284,13866.674843832563,0.0,0.6026729186720886,1.0940157001016644,2428.410496784862,0.3041047701844945
fa34905384c53a5d1bd22856,addendum_concentration_100_5_high,market,4,fa34905384c53a5d1bd22856,1942.1378231157023,16262.783621201872,0.0,0.684910924890673,1.1350013993190307,2677.6109526665837,0.29211682439296477
e77dba9632a39664599e3f82,addendum_concentration_100_5_high,market,5,e77dba9632a39664599e3f82,2436.9763611982485,18234.548043147533,0.0,0.6599820510902866,1.1731134208812122,3754.5830604293515,0.29102868111540087
db75fe53390489b420c69698,addendum_concentration_100_5_high,market,6,db75fe53390489b420c69698,2182.635580927032,11760.847195604329,0.0,0.8340311337194876,1.1273774725200498,1371.862619207299,0.28289196945970313
bc21ed71b84d84902c7e9b45,addendum_concentration_100_5_high,market,7,bc21ed71b84d84902c7e9b45,2258.5498969407613,9796.46136167944,0.0,0.9089168289500038,1.1699771605957807,749.047694001842,0.3717703536969747
752f31c0f57dc1d3de4c22d2,addendum_concentration_100_5_high,market,8,752f31c0f57dc1d3de4c22d2,2917.699482160791,10515.689840323841,0.0,0.8691100932571881,1.105897801611007,1238.272085914877,0.24091331220950712
a323fcc0a105861cb6216297,addendum_concentration_100_5_high,market,9,a323fcc0a105861cb6216297,2158.227320728863,10261.523740453877,0.0,0.8913223589836682,1.1573420230534683,1106.2525307271862,0.3418179069250806
0771ebd65e32e4c261800ed7,addendum_concentration_100_5_high,market,10,0771ebd65e32e4c261800ed7,3548.328622664767,9799.425954014283,0.0,0.8703754829983432,1.112854673312516,1203.251932253504,0.24286807935543256
ca9549d364b9939cd34d21bd,addendum_concentration_100_5_high,market,11,ca9549d364b9939cd34d21bd,4492.311223113109,11063.232647418483,0.0,0.8073365841976802,1.0949825046862334,1287.3825038632535,0.41146595167179184
9e9a592faf3f3467713cd2cd,addendum_concentration_100_5_high,market,12,9e9a592faf3f3467713cd2cd,2849.9753648704045,10184.559411772083,0.0,0.873132563897271,1.1278581458597794,1215.046882022834,0.4043513489878274
3b6fcacca92b2074ed078142,addendum_concentration_100_5_high,market,13,3b6fcacca92b2074ed078142,3344.626712267843,17630.691053661045,0.0,0.622069326955043,1.0889396999829324,3068.8613766947738,0.3079325545607791
1aaf9710d6702c0e434e6605,addendum_concentration_100_5_high,market,14,1aaf9710d6702c0e434e6605,1970.1121107348936,9065.136216815481,0.0,0.9258380586990511,1.1665887979302076,763.9279465625623,0.39223745006968
a2511f248005ed73f0cf3c57,addendum_concentration_100_5_high,market,15,a2511f248005ed73f0cf3c57,2320.9095984250575,8729.128878118601,0.0,0.9110186477634867,1.1570401981804785,652.0935724756841,0.27842585429998706
bef535e56d30ae5b50e4e10c,addendum_concentration_100_5_high,market,16,bef535e56d30ae5b50e4e10c,2223.443368339169,10402.691644531611,0.0,0.8846997329362437,1.0970646224684133,1382.67900344889,0.3316344256869306
b2016b6c4832c97f598f2f11,addendum_concentration_100_5_high,market,17,b2016b6c4832c97f598f2f11,3149.4363026409687,10276.669961360269,0.0,0.8648276893428936,1.0900268005315357,1178.808460820382,0.3115919307509782
648448088c1774527b71dea6,addendum_concentration_100_5_high,market,18,648448088c1774527b71dea6,3624.7918812558532,12598.098242925562,0.0,0.7706052612524417,1.1134630564478278,2010.2561798592828,0.2817549626133311
a41be5464f2af7c3144d0c8e,addendum_concentration_100_5_high,market,19,a41be5464f2af7c3144d0c8e,2973.7718214302267,16777.296667466424,0.0,0.5458508946751741,1.1751696481877323,2766.8211181084043,0.31793693158528724
67ba14c347f1b45d8d27159e,addendum_concentration_100_5_high,market,20,67ba14c347f1b45d8d27159e,2555.6419639477663,9706.135557413185,0.0,0.8634044358981013,1.1377419423624329,982.2826489601579,0.32986326517229336
8dd4f3ce034bbd83eef173b9,addendum_concentration_100_5_high,market,21,8dd4f3ce034bbd83eef173b9,1997.5692605631998,10655.137423624361,0.0,0.888074654020004,1.1737214719709743,1231.6004419949036,0.3063409238560265
ab570ff6298d384c7bedb18a,addendum_concentration_100_5_high,market,22,ab570ff6298d384c7bedb18a,2096.1428989927,16859.12494916361,0.0,0.7135227884945238,1.1160740264695936,3013.4903432213623,0.294272494928983
ab1472dea26b50e2ec0d64c0,addendum_concentration_100_5_high,market,23,ab1472dea26b50e2ec0d64c0,1819.3444654795076,11238.556003829017,0.0,0.8788371938197996,1.0963357111213357,1692.1519840195988,0.29440587263146945
6e476b4c7393b8fc15ab8570,addendum_concentration_100_5_high,market,24,6e476b4c7393b8fc15ab8570,4523.577767819242,15409.267513426199,0.0,0.6250740353322002,1.0712828886883112,2800.599674477219,0.290161447749132
ab4efb16ee532ecc32074d1a,addendum_concentration_30_5_high,administered,0,ab4efb16ee532ecc32074d1a,2151.4949435195,4648.276366159649,0.0,0.2095813347246639,1.0441168935506933,872.8511634685044,0.28657078188306884
49498a94fdd0e58e921a3e24,addendum_concentration_30_5_high,administered,1,49498a94fdd0e58e921a3e24,738.1741065054802,5652.664935659263,0.0,0.018027525705979267,1.1254403210630368,1133.0971065645876,0.2921228163871453
7dc9b7a7b7de41e3ff5c72eb,addendum_concentration_30_5_high,administered,2,7dc9b7a7b7de41e3ff5c72eb,997.4037839815015,5591.6509443258665,0.0,0.0018182145036163661,1.0329694162574632,1445.9517535882064,0.27903340576278285
438bbcffc48b5061ac82c187,addendum_concentration_30_5_high,administered,3,438bbcffc48b5061ac82c187,1695.2682513622917,6186.384652779529,0.0,0.020758522383811106,1.073652403816967,1722.2662091789757,0.30583338436998225
0b4a1cfacdaa56a383fa1681,addendum_concentration_30_5_high,administered,4,0b4a1cfacdaa56a383fa1681,695.8007776311854,5389.690182871762,0.0,0.2297793947626567,1.1049988938031357,1997.682204736946,0.3061362642923801
815d2d176d2329a9e4c61fe5,addendum_concentration_30_5_high,administered,5,815d2d176d2329a9e4c61fe5,1554.5076152867362,6254.125372113091,0.0,0.28339558213109656,1.0458750727888007,3248.7165082960787,0.29850580403668164
ba14414cdea001489a8c4576,addendum_concentration_30_5_high,administered,6,ba14414cdea001489a8c4576,1117.4423450186732,5458.706354472756,0.0,0.04401932414290832,1.0542174364172503,1141.834762910423,0.279321416754389
90da08ab6309e89aa430be03,addendum_concentration_30_5_high,administered,7,90da08ab6309e89aa430be03,819.4592983621735,5161.471111132613,0.0,0.41125265015752316,1.1551461142880792,749.4902089294724,0.34144675149737735
addb24872e904fef6f89b717,addendum_concentration_30_5_high,administered,8,addb24872e904fef6f89b717,1301.4226360533883,5503.611036886903,0.0,0.0010213733062403847,1.0380856103009204,1110.853134007244,0.2897153549826575
dd1d80aa56631cf403d9ac65,addendum_concentration_30_5_high,administered,9,dd1d80aa56631cf403d9ac65,1041.3145181966188,5499.98742753556,0.0,0.032650010465585126,1.1218546380230119,1004.982040886585,0.26645020111668516
1a848fd516e7563b12b02886,addendum_concentration_30_5_high,administered,10,1a848fd516e7563b12b02886,2600.574203670631,5318.502465178163,0.0,0.012268064940498995,1.096722714274226,901.1163318746792,0.26896591089238925
a8612f0a9c5a4a138eacc23c,addendum_concentration_30_5_high,administered,11,a8612f0a9c5a4a138eacc23c,1541.2284765721208,5192.2995145697405,0.0,0.00518067610505885,1.0661060204805444,948.850913026782,0.30284926596234596
4e2b81168129375e65462989,addendum_concentration_30_5_high,administered,12,4e2b81168129375e65462989,1249.4594336933965,5493.594555467592,0.0,0.010510868062312549,1.0501900953831582,928.3852488249477,0.269038166090448
8b9c25a40d84342848619d21,addendum_concentration_30_5_high,administered,13,8b9c25a40d84342848619d21,1918.7276255027627,6725.002803479277,0.0,0.006534723404020158,1.0415398466652295,2480.7466863323516,0.30570297371037863
055581f6dc21c559a43769ae,addendum_concentration_30_5_high,administered,14,055581f6dc21c559a43769ae,832.5848760844083,4764.04682926185,0.0,0.1891994718532397,1.1116155185482557,764.5251511168585,0.3317559206854553
6a54dc4b0811287f5b0ba278,addendum_concentration_30_5_high,administered,15,6a54dc4b0811287f5b0ba278,747.6378529601795,4294.6187746592395,0.0,0.29242049174733753,1.0693771171937736,680.5140199165692,0.2879463761521865
75a3d2cb46f5027d0667b19a,addendum_concentration_30_5_high,administered,16,75a3d2cb46f5027d0667b19a,484.8071715989139,5064.967490232513,0.0,0.11963541239237567,1.0333714327331225,1126.1267924026579,0.28067642374755936
d9cd105e7b6db64c59b6e616,addendum_concentration_30_5_high,administered,17,d9cd105e7b6db64c59b6e616,1805.1527860695928,5300.197141322941,0.0,0.011795819022159924,1.037889691920497,1101.0487341001824,0.27887864200468887
0870165338699cd7f2cb2b3b,addendum_concentration_30_5_high,administered,18,0870165338699cd7f2cb2b3b,1235.8920202944869,6167.716316958705,0.0,0.09760826173078803,1.065903095629379,1516.8112707795988,0.2969576578853944
6e7bd259dc4a4b142b7025a1,addendum_concentration_30_5_high,administered,19,6e7bd259dc4a4b142b7025a1,1035.6117789092436,5824.4642204106385,0.0,0.16571494045756183,1.0276905639180283,2198.5140649410805,0.30484587524113904
9b4d29d964eb378432b678ec,addendum_concentration_30_5_high,administered,20,9b4d29d964eb378432b678ec,819.646439747119,4861.684923880348,0.0,0.06367262639238926,1.042103168346133,780.5533253630726,0.2568199060509188
ca0e2bb3f02176726d1cb150,addendum_concentration_30_5_high,administered,21,ca0e2bb3f02176726d1cb150,604.5042479180121,5241.61204021674,0.0,0.02559167461582292,1.0945180060377913,984.9713873847891,0.26890945779383896
697873fcaa81fadbdcc2b355,addendum_concentration_30_5_high,administered,22,697873fcaa81fadbdcc2b355,1026.4876448888926,5628.035644346573,0.0,0.016022087588189952,1.030503644621666,2344.4050835095304,0.29584652642792725
c2ea613befedd91f452e14ee,addendum_concentration_30_5_high,administered,23,c2ea613befedd91f452e14ee,526.6340697939204,5419.178553783235,0.0,0.07740028515410646,1.1669086260447417,1187.0210097184872,0.26716711493901735
c8583e06e0daea8f44f6bc93,addendum_concentration_30_5_high,administered,24,c8583e06e0daea8f44f6bc93,1911.6084684371021,6810.465968515792,0.0,0.019541278466003235,1.0155527995911153,2095.783794079052,0.29953038483967837
1fe1b5f569ece2ca4040ca1c,addendum_concentration_30_5_high,market,0,1fe1b5f569ece2ca4040ca1c,1614.8015913700804,4495.3173344403385,0.0,0.6676289929194734,1.0892119227282144,846.2881939035465,0.29909400511083123
50d01d81a882516c6950366e,addendum_concentration_30_5_high,market,1,50d01d81a882516c6950366e,481.4361354231421,5376.040203487482,0.0,0.5427638041074901,1.2253613774196108,982.1223629915588,0.2762190646001736
75110b9194e155fd56120e81,addendum_concentration_30_5_high,market,2,75110b9194e155fd56120e81,605.0791017133575,5218.940704015974,0.0,0.776654873073824,1.0795846756607204,1391.5888539268503,0.28760438368301
6e2bcf22e81fd20deb8e67e2,addendum_concentration_30_5_high,market,3,6e2bcf22e81fd20deb8e67e2,1137.9134508810873,5779.024457237455,0.0,0.5554320491498721,1.1248888056309676,1586.5018681691092,0.30635828725535375
c0b1212a865fe2ea50b621e8,addendum_concentration_30_5_high,market,4,c0b1212a865fe2ea50b621e8,394.4536626229834,4974.026173972603,0.0,0.7938208247625885,1.213149009644384,1866.279138913484,0.29960136684900524
8370af029704f094a0a5ae3e,addendum_concentration_30_5_high,market,5,8370af029704f094a0a5ae3e,871.267284075494,5422.876037613138,0.0,0.7578728176951012,1.1005550970236895,3179.169654476975,0.30462149309699016
5a3354013e3ca7a6cd4e48fa,addendum_concentration_30_5_high,market,6,5a3354013e3ca7a6cd4e48fa,596.4523638231943,5218.665324580918,0.0,0.7726644745148636,1.1489155735191876,1074.0773189396668,0.28533016193516575
fd77b3a0604ac1888b3c1a75,addendum_concentration_30_5_high,market,7,fd77b3a0604ac1888b3c1a75,602.1911818877869,5163.567894476863,0.0,0.7020346934023604,1.2395608844601103,748.5043300639438,0.31878557223457626
32ee921f8ca56e682c172912,addendum_concentration_30_5_high,market,8,32ee921f8ca56e682c172912,833.1623493004985,5429.814282537883,0.0,0.6879019048607738,1.0716794217252497,1051.7495086641466,0.2709493269209103
dcf95ac3342cb93e6e1b5fc8,addendum_concentration_30_5_high,market,9,dcf95ac3342cb93e6e1b5fc8,629.5412412455812,5336.036910407535,0.0,0.7079521992144603,1.2478227955315766,942.8976626601516,0.2689354413014807
03d18975cb2549feaef5305e,addendum_concentration_30_5_high,market,10,03d18975cb2549feaef5305e,2152.6494160870834,5093.110884277113,0.0,0.4958234612339614,1.1391906180013722,893.3124427529082,0.2811902184382379
7b50abd52716b8c5dc1a828a,addendum_concentration_30_5_high,market,11,7b50abd52716b8c5dc1a828a,1096.3604824911329,5107.708691587511,0.0,0.6289189743984306,1.097529004139817,880.1122210355386,0.2941063532266922
349d9933dfdae188bde89030,addendum_concentration_30_5_high,market,12,349d9933dfdae188bde89030,858.0213299897915,5267.804703724401,0.0,0.6804693987440763,1.0883684207586972,900.1509832574716,0.2651523247292153
7c52a8d2340b6bca12185b50,addendum_concentration_30_5_high,market,13,7c52a8d2340b6bca12185b50,1156.1096072759212,6146.368265201394,0.0,0.6354957669347465,1.1017637386741201,2339.5939151148673,0.3022322581752482
1c09eadf8ee1486188beeda3,addendum_concentration_30_5_high,market,14,1c09eadf8ee1486188beeda3,536.7035237764394,4876.94212814553,0.0,0.697286259694795,1.2020846023821155,742.167294288525,0.30270758369725026
1aa63179677afe9708bfc06e,addendum_concentration_30_5_high,market,15,1aa63179677afe9708bfc06e,389.16102783134636,4484.363887453243,0.0,0.8872630358986789,1.1694635163784957,622.2311338784658,0.31361674946433254
9471723c7e22f8a2118784c8,addendum_concentration_30_5_high,market,16,9471723c7e22f8a2118784c8,255.7302656403845,4745.109719873492,0.0,0.7720160720526281,1.0993175610312298,975.1342940448765,0.2853476425211179
cc5d790353387034cc908be8,addendum_concentration_30_5_high,market,17,cc5d790353387034cc908be8,1157.6829907583829,5175.469605442559,0.0,0.5550277167412011,1.0770870516180955,978.1704103108511,0.2910209761122443
0c74d0d2f3bcbbc5459219b4,addendum_concentration_30_5_high,market,18,0c74d0d2f3bcbbc5459219b4,848.4843782505482,5767.792785128583,0.0,0.6823121804504617,1.1103470827202917,1385.2321510210388,0.2849936346561697
201112aa857f096f32461add,addendum_concentration_30_5_high,market,19,201112aa857f096f32461add,478.28605750507586,5089.220280850594,0.0,0.8601676580532797,1.1001513780377177,2010.507218798652,0.298457245317523
a9514ca364a4b3a447f94c6b,addendum_concentration_30_5_high,market,20,a9514ca364a4b3a447f94c6b,551.8815738118664,4702.750628932656,0.0,0.6729990877707283,1.0612275276842904,719.0702877218224,0.2802608242279741
981370bd622047eb7ff01091,addendum_concentration_30_5_high,market,21,981370bd622047eb7ff01091,301.7762692476773,4965.162487233374,0.0,0.7452293441138288,1.234901827236968,922.0771966596606,0.28835370205235267
6496af772e1de97176a23330,addendum_concentration_30_5_high,market,22,6496af772e1de97176a23330,643.6533486331468,5163.103292432465,0.0,0.689837540905418,1.0643188977003932,2288.0369036323864,0.30383049105997484
880d85c98c6fb5bec7669e9c,addendum_concentration_30_5_high,market,23,880d85c98c6fb5bec7669e9c,382.58853504073403,5219.308343425093,0.0,0.5475074166141033,1.229073589774245,1138.6740322814753,0.2755634776852397
72d315661001cb3d33984e21,addendum_concentration_30_5_high,market,24,72d315661001cb3d33984e21,1201.6769840130717,5948.254090680907,0.0,0.7754740309602378,1.0485412331199444,1981.9281301232045,0.2868537399723898
0a1a863fd160b1f64711fc02,addendum_concentration_30_5_low,administered,0,0a1a863fd160b1f64711fc02,1690.8592465155034,4658.962175553556,0.0,0.08794311188390076,1.0704076171587824,863.5821011799442,0.2008457789647344
3adf0763378bf7b37913d884,addendum_concentration_30_5_low,administered,1,3adf0763378bf7b37913d884,726.5956972889109,5634.464814366694,0.0,0.014381215235346112,1.0771106620580417,1122.6779032537224,0.2013748608440517
aa0b3f2acc554c5f93077daf,addendum_concentration_30_5_low,administered,2,aa0b3f2acc554c5f93077daf,974.392427504626,5789.459309236514,0.0,0.01617588694061092,1.0362249912937498,1587.6469848479378,0.20023549622977352
e3e1e5444ee1fad112c94664,addendum_concentration_30_5_low,administered,3,e3e1e5444ee1fad112c94664,1741.9993809405303,6448.707494238812,0.0,0.01900397368367284,1.0714369659224123,1732.5836461058775,0.20017016753548747
1f31f814211c870f4db67aad,addendum_concentration_30_5_low,administered,4,1f31f814211c870f4db67aad,936.1962826482106,5701.32649615371,0.0,0.07331262298638967,1.084316510626505,1985.6945233854665,0.20028019027876026
4b43b9a80bba3e1043b92b10,addendum_concentration_30_5_low,administered,5,4b43b9a80bba3e1043b92b10,1521.3071511766589,6301.124471215511,0.0,0.3292203584046027,1.0146709597873038,3392.8185328193786,0.20002307445468182
03ca586f7707bc77ea035dba,addendum_concentration_30_5_low,administered,6,03ca586f7707bc77ea035dba,1332.894871234492,5717.791806747171,0.0,0.06675445932519344,1.0661944332159232,1234.4479056508367,0.20036361698581248
2228b5636d3c2374fa0de1ad,addendum_concentration_30_5_low,administered,7,2228b5636d3c2374fa0de1ad,1053.6035029229643,5159.111835177498,0.0,0.10595213358073019,1.1390491757299526,789.8791401255644,0.20255095033093395
11450eb3d391d416314300b5,addendum_concentration_30_5_low,administered,8,11450eb3d391d416314300b5,1658.644016181237,5680.372883250208,0.0,3.0961836974227446e-17,1.0552975153393345,1063.985580665789,0.20211428024251152
2e790176ee59ff3ab75efbac,addendum_concentration_30_5_low,administered,9,2e790176ee59ff3ab75efbac,1216.1610199842373,5645.44701103259,0.0,0.19261348350671595,1.0917126890608144,1091.1750779009253,0.20110841509823263
bc152833d72a27515c80c4ed,addendum_concentration_30_5_low,administered,10,bc152833d72a27515c80c4ed,1856.6026529856,5143.844585690926,0.0,1.029876645016195e-05,1.110939137095024,916.1355122260413,0.2007733349017728
4734bae7afee2eb02ca50c21,addendum_concentration_30_5_low,administered,11,4734bae7afee2eb02ca50c21,1494.1516092370277,5125.85575881631,0.0,0.16556023977257645,1.0388574148086704,959.7951084052395,0.20128072390544746
e7a939315edf0c6e7c97aa97,addendum_concentration_30_5_low,administered,12,e7a939315edf0c6e7c97aa97,1775.3340142389447,5511.588881419193,0.0,0.003195226223150232,1.0797503435082234,991.6643535993647,0.2021617929619131
5b0d9739552cbffd81a95476,addendum_concentration_30_5_low,administered,13,5b0d9739552cbffd81a95476,2393.8037218887825,7313.887973613995,0.0,0.0026006494976395338,1.0464574009523724,2424.545489442091,0.20036064236102888
ad475940cce12e4d5026954e,addendum_concentration_30_5_low,administered,14,ad475940cce12e4d5026954e,877.3247808918442,4739.012061387438,0.0,0.11462757380400473,1.093184144467304,779.0281799478736,0.20262579797536312
07c980f3a0a8bae8d0b0f29e,addendum_concentration_30_5_low,administered,15,07c980f3a0a8bae8d0b0f29e,870.9057987505454,4117.385863090641,0.0,0.2513853477351238,1.1028062734536768,721.100599611268,0.2009378349438447
0eca96828ecbd11cfba8bc08,addendum_concentration_30_5_low,administered,16,0eca96828ecbd11cfba8bc08,474.3907574536383,5064.707303710858,0.0,0.17304050584925343,1.037171726111338,1118.92544224227,0.20233539393824732
edbbaad31d9d219357b14db3,addendum_concentration_30_5_low,administered,17,edbbaad31d9d219357b14db3,1680.8250260447878,5485.988826757974,0.0,0.06558000812185073,0.9965537367799697,1111.5007110828574,0.20008213132338154
0ef9b09b94ff275f42de5065,addendum_concentration_30_5_low,administered,18,0ef9b09b94ff275f42de5065,1673.4184060553982,6609.688877120122,0.0,0.1149100475019676,1.0453215772373587,1460.5179941760466,0.2010174089902587
43ad1e0760e2bcec63e7f7c5,addendum_concentration_30_5_low,administered,19,43ad1e0760e2bcec63e7f7c5,1292.6295311389213,6182.934129023597,0.0,0.18024434005128764,1.0341603060447313,2170.8912569466474,0.20050088695133814
b9b924797efc49b1d97fb0ba,addendum_concentration_30_5_low,administered,20,b9b924797efc49b1d97fb0ba,1117.9046416394433,5058.666737557121,0.0,0.05986463206339473,1.0608083424680907,823.7212848409586,0.20223889636616782
bf260e0fbba1b0da2ee765f8,addendum_concentration_30_5_low,administered,21,bf260e0fbba1b0da2ee765f8,869.2236691855569,5763.436767266043,0.0,0.014703023151470596,1.1777767225771942,1080.697154914096,0.20128899952831483
a2e61fa1af608651b5ee4ae3,addendum_concentration_30_5_low,administered,22,a2e61fa1af608651b5ee4ae3,922.1259302404541,5550.465661378031,0.0,0.03345593073884597,1.0309435766256034,2437.9548917680313,0.20037913463229612
77fb5ba2f209cd092db40bdb,addendum_concentration_30_5_low,administered,23,77fb5ba2f209cd092db40bdb,545.5367215717787,5459.440258042339,0.0,0.06354086028397544,1.1143907041784262,1219.4787026274394,0.20262338947489705
9290568088d4cd8f7a835c40,addendum_concentration_30_5_low,administered,24,9290568088d4cd8f7a835c40,2376.5291705283353,7370.800052486396,0.0,0.09193238439006264,1.0208600088976105,2115.7908552626277,0.20006492741875614
051047da7f3022fb52d1e1fc,addendum_concentration_30_5_low,market,0,051047da7f3022fb52d1e1fc,1235.6655319385022,4779.721555505968,0.0,0.6524701002336092,1.1279495346558954,831.8992664213273,0.20041854201223752
8aa60fa06359e7869835e913,addendum_concentration_30_5_low,market,1,8aa60fa06359e7869835e913,424.67593573120587,5290.933256952858,0.0,0.5594229120319462,1.1740540196777107,1010.2513022725324,0.20262596721282836
13b4321102e0af5062e7059a,addendum_concentration_30_5_low,market,2,13b4321102e0af5062e7059a,530.440703407107,5189.208700751259,0.0,0.8859341962281532,1.1031087725776538,1424.6715755037353,0.20065960533546132
f3f31dac67ca891f530f5844,addendum_concentration_30_5_low,market,3,f3f31dac67ca891f530f5844,1125.2566056663236,5947.033899453128,0.0,0.6201651969632077,1.126129048575182,1623.4159731098139,0.20041872435853508
dc1e73c3bda9735b34ac31ad,addendum_concentration_30_5_low,market,4,dc1e73c3bda9735b34ac31ad,474.05452677530104,5119.968978882367,0.0,0.8473496608016579,1.197000144028684,1920.6735465697552,0.2001300746461843
8e511a90f74b6c42f92fb6ba,addendum_concentration_30_5_low,market,5,8e511a90f74b6c42f92fb6ba,624.1040693088034,5161.280812494312,0.0,0.871937265846503,1.1042971091729417,3202.954354186159,0.2000407566608373
c4c3fdd77ec83244492583c4,addendum_concentration_30_5_low,market,6,c4c3fdd77ec83244492583c4,726.8732723133113,5400.351944993627,0.0,0.7093897508600583,1.1708600521421118,1103.072777210151,0.20012473588379776
35dcd20e5a372e912c8fbb01,addendum_concentration_30_5_low,market,7,35dcd20e5a372e912c8fbb01,794.1390551822657,5145.332276135614,0.0,0.5914659433922966,1.1997317216223466,788.6605630108343,0.20053293537214606
40d8100b513dbc716aaf6687,addendum_concentration_30_5_low,market,8,40d8100b513dbc716aaf6687,1099.8793455867526,5715.580840846229,0.0,0.5850074732011739,1.0917461123242371,1039.801485419708,0.20284910946542492
434e27f9cad489e2ae5245ee,addendum_concentration_30_5_low,market,9,434e27f9cad489e2ae5245ee,777.7368162300187,5479.133701807267,0.0,0.6437403085920926,1.1818934070608877,981.8552772284932,0.20198587037968982
686dfd0e9dfaed4e7a0c075a,addendum_concentration_30_5_low,market,10,686dfd0e9dfaed4e7a0c075a,1476.3992640209085,5269.2626210941935,0.0,0.4496994848258593,1.1475850545413866,872.4329389909806,0.20218947184711156
5e95d0e8ea128af058c21acf,addendum_concentration_30_5_low,market,11,5e95d0e8ea128af058c21acf,1026.3905031804734,5064.801731569629,0.0,0.7370249227201932,1.0752895055424805,904.2790233124321,0.20229625905579268
825023356ebe18896acc79e9,addendum_concentration_30_5_low,market,12,825023356ebe18896acc79e9,1279.3651859012687,5436.119664636396,0.0,0.534742151632194,1.1079186871821376,960.9805196874744,0.2026015967629567
07fd4dd68b404463c871de42,addendum_concentration_30_5_low,market,13,07fd4dd68b404463c871de42,1620.5884516752928,6701.641221123828,0.0,0.5751655146076108,1.0760969468249393,2359.0275442023803,0.20040319667046458
1d45e58599ac8059e86b6f5f,addendum_concentration_30_5_low,market,14,1d45e58599ac8059e86b6f5f,542.4434078125776,4900.799636061886,0.0,0.7025158607528182,1.1715737154190624,742.285383295014,0.20212796984866033
960990575774b1f569c8bede,addendum_concentration_30_5_low,market,15,960990575774b1f569c8bede,486.07203768083974,4565.046068464034,0.0,0.7342961098058202,1.1962618036654211,646.5897011108609,0.2035988504449588
a69555d9761eaa3e486e3d9d,addendum_concentration_30_5_low,market,16,a69555d9761eaa3e486e3d9d,199.86596483566578,4682.824710603783,0.0,0.911438850712403,1.127510671502602,987.9661257320049,0.20058713260469266
d1c73095c88d90f5fd6d658d,addendum_concentration_30_5_low,market,17,d1c73095c88d90f5fd6d658d,1128.5665791427018,5133.171541716405,0.0,0.6540824435653979,1.0247141096855514,1012.273157809748,0.20035719488422832
aa93ff5f51359c0bad7d8acd,addendum_concentration_30_5_low,market,18,aa93ff5f51359c0bad7d8acd,1088.1087288793233,6129.843900260785,0.0,0.7592197355601186,1.0941595705030622,1418.9243841318169,0.20125855154052283
5d88a805684c712a9f6792cc,addendum_concentration_30_5_low,market,19,5d88a805684c712a9f6792cc,677.5923350445934,5365.944486192061,0.0,0.8587164219166216,1.0917561304894015,2088.3463137675717,0.200443027697086
4abc9244b7dccfd977b51167,addendum_concentration_30_5_low,market,20,4abc9244b7dccfd977b51167,723.295815959704,4848.49853631564,0.0,0.667413704025759,1.102464608185423,756.730972413912,0.20103939035687174
b72da48558e8e4889a83b08a,addendum_concentration_30_5_low,market,21,b72da48558e8e4889a83b08a,551.4846463270039,5388.223599869135,0.0,0.7415749722058423,1.2885352127241905,1002.5258585815859,0.20057947667910297
f48af407f4afd52331f573e0,addendum_concentration_30_5_low,market,22,f48af407f4afd52331f573e0,465.6652221395712,4973.42973706626,0.0,0.8048180961326189,1.104789588637058,2283.1716714348213,0.20009686446895386
add569c7130365292e978a05,addendum_concentration_30_5_low,market,23,add569c7130365292e978a05,334.5712111147746,5171.078970528641,0.0,0.7830383849888195,1.180473563233205,1168.4463099896668,0.2027002715127058
0869c82f3aa1c177f1f4ca97,addendum_concentration_30_5_low,market,24,0869c82f3aa1c177f1f4ca97,1437.3115360143483,6299.95795707285,0.0,0.7751894773019216,1.0776680128327842,2060.496271049916,0.20047299825375997
