period,variable,statistic,weighting,value,n
calibration,capital_assets,p25,equal_bank,0.07621260282842553,50182
calibration,capital_assets,median,equal_bank,0.09216450608890098,50182
calibration,capital_assets,p75,equal_bank,0.11335181149351314,50182
calibration,capital_assets,p25,asset_weighted,0.07912037196148804,50182
calibration,capital_assets,median,asset_weighted,0.0932795307721234,50182
calibration,capital_assets,p75,asset_weighted,0.11202122642027165,50182
calibration,loans_deposits,p25,equal_bank,0.5970903794531336,50182
calibration,loans_deposits,median,equal_bank,0.7523223843688484,50182
calibration,loans_deposits,p75,equal_bank,0.8941083149774515,50182
calibration,loans_deposits,p25,asset_weighted,0.6929203919114685,50182
calibration,loans_deposits,median,asset_weighted,0.8302709166453648,50182
calibration,loans_deposits,p75,asset_weighted,0.9322250528120679,50182
calibration,liquid_deposits,p25,equal_bank,0.03661408596390772,50182
calibration,liquid_deposits,median,equal_bank,0.07084521355600265,50182
calibration,liquid_deposits,p75,equal_bank,0.1346807420692877,50182
calibration,liquid_deposits,p25,asset_weighted,0.02989254601290193,50182
calibration,liquid_deposits,median,asset_weighted,0.05527885623026999,50182
calibration,liquid_deposits,p75,asset_weighted,0.10062155155092521,50182
calibration,ci_share,p25,equal_bank,0.05908176768644112,50182
calibration,ci_share,median,equal_bank,0.10175614923873036,50182
calibration,ci_share,p75,equal_bank,0.15862995652746673,50182
calibration,ci_share,p25,asset_weighted,0.06396217023394724,50182
calibration,ci_share,median,asset_weighted,0.10908737253452563,50182
calibration,ci_share,p75,asset_weighted,0.16719480570913903,50182
calibration,deposit_growth,p25,equal_bank,-0.019608789215165956,45782
calibration,deposit_growth,median,equal_bank,0.0035842293906809264,45782
calibration,deposit_growth,p75,equal_bank,0.02950341182503058,45782
calibration,deposit_growth,p25,asset_weighted,-0.01468086712182437,45782
calibration,deposit_growth,median,asset_weighted,0.005601556878637393,45782
calibration,deposit_growth,p75,asset_weighted,0.02925218864239354,45782
calibration,loan_growth,p25,equal_bank,0.00044657211246468265,45782
calibration,loan_growth,median,equal_bank,0.019513381431598864,45782
calibration,loan_growth,p75,equal_bank,0.04242960211654245,45782
calibration,loan_growth,p25,asset_weighted,0.0029579004920721186,45782
calibration,loan_growth,median,asset_weighted,0.01951732349751878,45782
calibration,loan_growth,p75,asset_weighted,0.03858445104683805,45782
calibration,ci_loan_growth,p25,equal_bank,-0.040648817666601555,44672
calibration,ci_loan_growth,median,equal_bank,0.00798621985593484,44672
calibration,ci_loan_growth,p75,equal_bank,0.06715252472670485,44672
calibration,ci_loan_growth,p25,asset_weighted,-0.030223717828877672,44672
calibration,ci_loan_growth,median,asset_weighted,0.009954167860211971,44672
calibration,ci_loan_growth,p75,asset_weighted,0.05873578492234954,44672
calibration,ci_chargeoff_rate,p25,equal_bank,-1.620299107215192e-05,48971
calibration,ci_chargeoff_rate,median,equal_bank,0.0,48971
calibration,ci_chargeoff_rate,p75,equal_bank,0.0,48971
calibration,ci_chargeoff_rate,p25,asset_weighted,-4.710093730865244e-05,48971
calibration,ci_chargeoff_rate,median,asset_weighted,0.0,48971
calibration,ci_chargeoff_rate,p75,asset_weighted,0.000659755523925301,48971
validation,capital_assets,p25,equal_bank,0.08608278344331134,15835
validation,capital_assets,median,equal_bank,0.10091916976063382,15835
validation,capital_assets,p75,equal_bank,0.12210761533105559,15835
validation,capital_assets,p25,asset_weighted,0.08825970316487981,15835
validation,capital_assets,median,asset_weighted,0.10095495801103664,15835
validation,capital_assets,p75,asset_weighted,0.11780176069135403,15835
validation,loans_deposits,p25,equal_bank,0.6548420006801405,15835
validation,loans_deposits,median,equal_bank,0.7985400040154595,15835
validation,loans_deposits,p75,equal_bank,0.9136080344837487,15835
validation,loans_deposits,p25,asset_weighted,0.7420974801431928,15835
validation,loans_deposits,median,asset_weighted,0.8572819447601637,15835
validation,loans_deposits,p75,asset_weighted,0.9368941422560088,15835
validation,liquid_deposits,p25,equal_bank,0.038351908451503595,15835
validation,liquid_deposits,median,equal_bank,0.07522485086346872,15835
validation,liquid_deposits,p75,equal_bank,0.13052363002430253,15835
validation,liquid_deposits,p25,asset_weighted,0.03452063914364026,15835
validation,liquid_deposits,median,asset_weighted,0.06588223144613523,15835
validation,liquid_deposits,p75,asset_weighted,0.10499313915161561,15835
validation,ci_share,p25,equal_bank,0.056286519838189025,15835
validation,ci_share,median,equal_bank,0.0962232831938669,15835
validation,ci_share,p75,equal_bank,0.15117300213273116,15835
validation,ci_share,p25,asset_weighted,0.06150936781477101,15835
validation,ci_share,median,asset_weighted,0.10380547892331979,15835
validation,ci_share,p75,asset_weighted,0.1580375260773631,15835
validation,deposit_growth,p25,equal_bank,-0.012287498554411913,15828
validation,deposit_growth,median,equal_bank,0.009277405487419399,15828
validation,deposit_growth,p75,equal_bank,0.03287553294285206,15828
validation,deposit_growth,p25,asset_weighted,-0.010055480226068947,15828
validation,deposit_growth,median,asset_weighted,0.009763752151049188,15828
validation,deposit_growth,p75,asset_weighted,0.03217483972461399,15828
validation,loan_growth,p25,equal_bank,-0.005326049366895291,15828
validation,loan_growth,median,equal_bank,0.013002132567349944,15828
validation,loan_growth,p75,equal_bank,0.03221010901883048,15828
validation,loan_growth,p25,asset_weighted,-0.0015242828827559673,15828
validation,loan_growth,median,asset_weighted,0.011788839500670445,15828
validation,loan_growth,p75,asset_weighted,0.02718349096897832,15828
validation,ci_loan_growth,p25,equal_bank,-0.045454545454545414,15486
validation,ci_loan_growth,median,equal_bank,0.0009526833915529664,15486
validation,ci_loan_growth,p75,equal_bank,0.0560892698788058,15486
validation,ci_loan_growth,p25,asset_weighted,-0.03516361619523012,15486
validation,ci_loan_growth,median,asset_weighted,0.006028647407228416,15486
validation,ci_loan_growth,p75,asset_weighted,0.050996508904503024,15486
validation,ci_chargeoff_rate,p25,equal_bank,0.0,15488
validation,ci_chargeoff_rate,median,equal_bank,0.0,15488
validation,ci_chargeoff_rate,p75,equal_bank,0.0004991799187049847,15488
validation,ci_chargeoff_rate,p25,asset_weighted,-1.7145541644806101e-06,15488
validation,ci_chargeoff_rate,median,asset_weighted,2.215281008395915e-05,15488
validation,ci_chargeoff_rate,p75,asset_weighted,0.0018281180108520197,15488
