run_id,regime,seed,coefficient,value
f4a727cc38e90af6-b21270bd9dcb,administered,10000,borrower_leverage,0.004774017265862071
f4a727cc38e90af6-b21270bd9dcb,administered,10000,borrower_risk,0.001237632308031978
f4a727cc38e90af6-b21270bd9dcb,administered,10000,reserve_buffer,-0.0006191612804399709
f4a727cc38e90af6-b21270bd9dcb,administered,10000,capital_buffer,0.0010371675082555033
f4a727cc38e90af6-b21270bd9dcb,administered,10000,expected_inflation,0.005726989535667996
048ce097ee124d40-d485a5a7288c,administered,10001,borrower_leverage,0.005090650109857851
048ce097ee124d40-d485a5a7288c,administered,10001,borrower_risk,0.00119266565707798
048ce097ee124d40-d485a5a7288c,administered,10001,reserve_buffer,-0.0003456228168748124
048ce097ee124d40-d485a5a7288c,administered,10001,capital_buffer,0.0010536716859430256
048ce097ee124d40-d485a5a7288c,administered,10001,expected_inflation,0.009813748824891146
e3481a7bb5f1a450-5c749fd74927,administered,10002,borrower_leverage,0.004848395566512848
e3481a7bb5f1a450-5c749fd74927,administered,10002,borrower_risk,0.0012646392164169544
e3481a7bb5f1a450-5c749fd74927,administered,10002,reserve_buffer,-0.000149158777061868
e3481a7bb5f1a450-5c749fd74927,administered,10002,capital_buffer,0.0008105596903539656
e3481a7bb5f1a450-5c749fd74927,administered,10002,expected_inflation,0.0085081287922528
fe61fbbcf700abb0-07ef3fdb9a7b,administered,10003,borrower_leverage,0.005014756176844277
fe61fbbcf700abb0-07ef3fdb9a7b,administered,10003,borrower_risk,0.0012242387051218237
fe61fbbcf700abb0-07ef3fdb9a7b,administered,10003,reserve_buffer,0.0010224120422632336
fe61fbbcf700abb0-07ef3fdb9a7b,administered,10003,capital_buffer,-0.00020226696828717152
fe61fbbcf700abb0-07ef3fdb9a7b,administered,10003,expected_inflation,0.00929566333930088
cebd9edee62e93a6-9e78880a5b5a,administered,10004,borrower_leverage,0.004999846966769123
cebd9edee62e93a6-9e78880a5b5a,administered,10004,borrower_risk,0.0011873357633521364
cebd9edee62e93a6-9e78880a5b5a,administered,10004,reserve_buffer,-0.0008256058064532436
cebd9edee62e93a6-9e78880a5b5a,administered,10004,capital_buffer,0.0010542171967973361
cebd9edee62e93a6-9e78880a5b5a,administered,10004,expected_inflation,0.006573498502562766
3f1cbc8083eee009-99dcc927c271,administered,10005,borrower_leverage,0.005127572677141431
3f1cbc8083eee009-99dcc927c271,administered,10005,borrower_risk,0.0011877390919369471
3f1cbc8083eee009-99dcc927c271,administered,10005,reserve_buffer,-0.0003498329581190132
3f1cbc8083eee009-99dcc927c271,administered,10005,capital_buffer,0.0009934213284385513
3f1cbc8083eee009-99dcc927c271,administered,10005,expected_inflation,0.009673309737787973
e477e0f16f628256-9dca4d04fe97,administered,10006,borrower_leverage,0.00501570713915087
e477e0f16f628256-9dca4d04fe97,administered,10006,borrower_risk,0.0012170570951832705
e477e0f16f628256-9dca4d04fe97,administered,10006,reserve_buffer,-0.0009333448353973643
e477e0f16f628256-9dca4d04fe97,administered,10006,capital_buffer,0.0015212131395233558
e477e0f16f628256-9dca4d04fe97,administered,10006,expected_inflation,0.009573059887207783
4edcdf047d710643-462690b9087b,administered,10007,borrower_leverage,0.005081664872381182
4edcdf047d710643-462690b9087b,administered,10007,borrower_risk,0.0011792403281910134
4edcdf047d710643-462690b9087b,administered,10007,reserve_buffer,-0.000609097397326386
4edcdf047d710643-462690b9087b,administered,10007,capital_buffer,0.0011023616777664396
4edcdf047d710643-462690b9087b,administered,10007,expected_inflation,0.007180822576550873
98b477a40b7d6655-b4d284008ae4,administered,10008,borrower_leverage,0.004747377108692298
98b477a40b7d6655-b4d284008ae4,administered,10008,borrower_risk,0.0012917167532895861
98b477a40b7d6655-b4d284008ae4,administered,10008,reserve_buffer,0.0021459253477601014
98b477a40b7d6655-b4d284008ae4,administered,10008,capital_buffer,-0.0010811400322419146
98b477a40b7d6655-b4d284008ae4,administered,10008,expected_inflation,0.00871672153183086
d145a55c233dd74a-fe3e575e4d8c,administered,10009,borrower_leverage,0.005100572630096167
d145a55c233dd74a-fe3e575e4d8c,administered,10009,borrower_risk,0.0011946276876281228
d145a55c233dd74a-fe3e575e4d8c,administered,10009,reserve_buffer,-0.0002564546318015221
d145a55c233dd74a-fe3e575e4d8c,administered,10009,capital_buffer,0.000975635229150038
d145a55c233dd74a-fe3e575e4d8c,administered,10009,expected_inflation,0.01048389684828004
7b4c1518ec436e95-2f09f92ce737,administered,10010,borrower_leverage,0.005099576174613179
7b4c1518ec436e95-2f09f92ce737,administered,10010,borrower_risk,0.001203685391826531
7b4c1518ec436e95-2f09f92ce737,administered,10010,reserve_buffer,-8.468297402982111e-06
7b4c1518ec436e95-2f09f92ce737,administered,10010,capital_buffer,0.0006819944885087025
7b4c1518ec436e95-2f09f92ce737,administered,10010,expected_inflation,0.009867865941414727
e7d2252d221c3ec2-a8b3b86cbbd9,administered,10011,borrower_leverage,0.004986769218666017
e7d2252d221c3ec2-a8b3b86cbbd9,administered,10011,borrower_risk,0.00123927946093232
e7d2252d221c3ec2-a8b3b86cbbd9,administered,10011,reserve_buffer,-0.0006598998376583032
e7d2252d221c3ec2-a8b3b86cbbd9,administered,10011,capital_buffer,0.0012862158266486727
e7d2252d221c3ec2-a8b3b86cbbd9,administered,10011,expected_inflation,0.010689552829263526
15e799ec223a70d9-e25d71d21bbd,administered,10012,borrower_leverage,0.005003467540909004
15e799ec223a70d9-e25d71d21bbd,administered,10012,borrower_risk,0.001210870897235398
15e799ec223a70d9-e25d71d21bbd,administered,10012,reserve_buffer,-0.0018376733148013223
15e799ec223a70d9-e25d71d21bbd,administered,10012,capital_buffer,0.0019654755164657946
15e799ec223a70d9-e25d71d21bbd,administered,10012,expected_inflation,0.008099791200065725
ada3a21ed863b5ce-e330a1b09ce3,administered,10013,borrower_leverage,0.004930662191475111
ada3a21ed863b5ce-e330a1b09ce3,administered,10013,borrower_risk,0.0012505734189156821
ada3a21ed863b5ce-e330a1b09ce3,administered,10013,reserve_buffer,0.0006042818890672901
ada3a21ed863b5ce-e330a1b09ce3,administered,10013,capital_buffer,0.00032080928493109957
ada3a21ed863b5ce-e330a1b09ce3,administered,10013,expected_inflation,0.010507707424803215
70a44d5262c3b340-fcd7b0b1304e,administered,10014,borrower_leverage,0.004909576595791731
70a44d5262c3b340-fcd7b0b1304e,administered,10014,borrower_risk,0.0012284939596222586
70a44d5262c3b340-fcd7b0b1304e,administered,10014,reserve_buffer,-0.0008280439494196995
70a44d5262c3b340-fcd7b0b1304e,administered,10014,capital_buffer,0.0011293929432916537
70a44d5262c3b340-fcd7b0b1304e,administered,10014,expected_inflation,0.005146039383794501
ecef079de3d4a09c-2075eaae0067,administered,10015,borrower_leverage,0.004984042595700008
ecef079de3d4a09c-2075eaae0067,administered,10015,borrower_risk,0.0012219134079596544
ecef079de3d4a09c-2075eaae0067,administered,10015,reserve_buffer,-0.0014288183353803328
ecef079de3d4a09c-2075eaae0067,administered,10015,capital_buffer,0.0017693689849857203
ecef079de3d4a09c-2075eaae0067,administered,10015,expected_inflation,0.008617300096356235
603c5f92ff608f46-701d1336c862,administered,10016,borrower_leverage,0.004980228221307338
603c5f92ff608f46-701d1336c862,administered,10016,borrower_risk,0.0011962715677546049
603c5f92ff608f46-701d1336c862,administered,10016,reserve_buffer,-0.000658265642822525
603c5f92ff608f46-701d1336c862,administered,10016,capital_buffer,0.0011428132787677462
603c5f92ff608f46-701d1336c862,administered,10016,expected_inflation,0.00911305753914242
9a9d0310cc23041c-52f670c7e8ef,administered,10017,borrower_leverage,0.004924322516912598
9a9d0310cc23041c-52f670c7e8ef,administered,10017,borrower_risk,0.001237231205012591
9a9d0310cc23041c-52f670c7e8ef,administered,10017,reserve_buffer,-0.0005919400037617128
9a9d0310cc23041c-52f670c7e8ef,administered,10017,capital_buffer,0.0012324731881386585
9a9d0310cc23041c-52f670c7e8ef,administered,10017,expected_inflation,0.009095281675258093
25c832aef58d6466-15ac23949221,administered,10018,borrower_leverage,0.005105928415369633
25c832aef58d6466-15ac23949221,administered,10018,borrower_risk,0.0011991207468519856
25c832aef58d6466-15ac23949221,administered,10018,reserve_buffer,-5.705550888979836e-06
25c832aef58d6466-15ac23949221,administered,10018,capital_buffer,0.0006040958171545483
25c832aef58d6466-15ac23949221,administered,10018,expected_inflation,0.008812383101421958
fe3d59997fd4408f-2ba93f613bb3,administered,10019,borrower_leverage,0.005038310684423344
fe3d59997fd4408f-2ba93f613bb3,administered,10019,borrower_risk,0.0011810089623282614
fe3d59997fd4408f-2ba93f613bb3,administered,10019,reserve_buffer,-0.0005919023802732743
fe3d59997fd4408f-2ba93f613bb3,administered,10019,capital_buffer,0.001056340333034953
fe3d59997fd4408f-2ba93f613bb3,administered,10019,expected_inflation,0.008473296422056664
f1494f7505120065-9de276e66ce4,administered,10020,borrower_leverage,0.004838831836758007
f1494f7505120065-9de276e66ce4,administered,10020,borrower_risk,0.001279476178037736
f1494f7505120065-9de276e66ce4,administered,10020,reserve_buffer,0.0009044451844714314
f1494f7505120065-9de276e66ce4,administered,10020,capital_buffer,5.613612945182635e-05
f1494f7505120065-9de276e66ce4,administered,10020,expected_inflation,0.010549866407696184
96006a378d852062-7f0f728c98da,administered,10021,borrower_leverage,0.005017275716665501
96006a378d852062-7f0f728c98da,administered,10021,borrower_risk,0.0012207424323281988
96006a378d852062-7f0f728c98da,administered,10021,reserve_buffer,0.001124750198785128
96006a378d852062-7f0f728c98da,administered,10021,capital_buffer,-0.00028194330029250857
96006a378d852062-7f0f728c98da,administered,10021,expected_inflation,0.00928007483213978
4d7d8ea0f5c4f30f-edb99f59e2b4,administered,10022,borrower_leverage,0.0050247413338897606
4d7d8ea0f5c4f30f-edb99f59e2b4,administered,10022,borrower_risk,0.0011774867180754107
4d7d8ea0f5c4f30f-edb99f59e2b4,administered,10022,reserve_buffer,-0.0006467609417920386
4d7d8ea0f5c4f30f-edb99f59e2b4,administered,10022,capital_buffer,0.001040765395495755
4d7d8ea0f5c4f30f-edb99f59e2b4,administered,10022,expected_inflation,0.007128506158640566
a32d0df047b8a97b-49893cad29c3,administered,10023,borrower_leverage,0.005206829347171352
a32d0df047b8a97b-49893cad29c3,administered,10023,borrower_risk,0.0011715605346370702
a32d0df047b8a97b-49893cad29c3,administered,10023,reserve_buffer,-0.0004926507049848826
a32d0df047b8a97b-49893cad29c3,administered,10023,capital_buffer,0.000916128676631032
a32d0df047b8a97b-49893cad29c3,administered,10023,expected_inflation,0.007373333213252889
4582bb52487f4da2-38618a6963cb,administered,10024,borrower_leverage,0.005049134892294981
4582bb52487f4da2-38618a6963cb,administered,10024,borrower_risk,0.0011905857442566327
4582bb52487f4da2-38618a6963cb,administered,10024,reserve_buffer,-0.0003400936730706275
4582bb52487f4da2-38618a6963cb,administered,10024,capital_buffer,0.0008116252229669209
4582bb52487f4da2-38618a6963cb,administered,10024,expected_inflation,0.007871237332902322
7d4c3d6d2b0d9809-3d5da4b5d377,administered,10025,borrower_leverage,0.004951266090012033
7d4c3d6d2b0d9809-3d5da4b5d377,administered,10025,borrower_risk,0.001241887686783435
7d4c3d6d2b0d9809-3d5da4b5d377,administered,10025,reserve_buffer,-0.00029470538086615
7d4c3d6d2b0d9809-3d5da4b5d377,administered,10025,capital_buffer,0.0007867188395783987
7d4c3d6d2b0d9809-3d5da4b5d377,administered,10025,expected_inflation,0.006370025215182518
a05da88dd9bc6210-4ed87178e265,administered,10026,borrower_leverage,0.005083384241197137
a05da88dd9bc6210-4ed87178e265,administered,10026,borrower_risk,0.0011887868795448658
a05da88dd9bc6210-4ed87178e265,administered,10026,reserve_buffer,-0.0007137255263724102
a05da88dd9bc6210-4ed87178e265,administered,10026,capital_buffer,0.00128190114103398
a05da88dd9bc6210-4ed87178e265,administered,10026,expected_inflation,0.01035967744343303
3f5531c0d1b66bdf-9a905b156be2,administered,10027,borrower_leverage,0.0048539137805400645
3f5531c0d1b66bdf-9a905b156be2,administered,10027,borrower_risk,0.0012212346315255884
3f5531c0d1b66bdf-9a905b156be2,administered,10027,reserve_buffer,-0.0014351623403964719
3f5531c0d1b66bdf-9a905b156be2,administered,10027,capital_buffer,0.0015239187691912994
3f5531c0d1b66bdf-9a905b156be2,administered,10027,expected_inflation,0.007790741982095403
eca6bb09c952fbc0-0abdd4c42bf1,administered,10028,borrower_leverage,0.004913085016889307
eca6bb09c952fbc0-0abdd4c42bf1,administered,10028,borrower_risk,0.001256092353937452
eca6bb09c952fbc0-0abdd4c42bf1,administered,10028,reserve_buffer,0.0010711117193030562
eca6bb09c952fbc0-0abdd4c42bf1,administered,10028,capital_buffer,-1.2655197478221028e-05
eca6bb09c952fbc0-0abdd4c42bf1,administered,10028,expected_inflation,0.010943137427999832
59f6a2e589098147-06299720faae,administered,10029,borrower_leverage,0.005046157036958486
59f6a2e589098147-06299720faae,administered,10029,borrower_risk,0.0012026681761182563
59f6a2e589098147-06299720faae,administered,10029,reserve_buffer,0.0001457010150687062
59f6a2e589098147-06299720faae,administered,10029,capital_buffer,0.0004200727838884899
59f6a2e589098147-06299720faae,administered,10029,expected_inflation,0.008171589016574773
a9bb02509e38f069-1c43656cbea8,market,10000,borrower_leverage,0.017165861359836998
a9bb02509e38f069-1c43656cbea8,market,10000,borrower_risk,0.003934918610666904
a9bb02509e38f069-1c43656cbea8,market,10000,reserve_buffer,-0.004620584102386442
a9bb02509e38f069-1c43656cbea8,market,10000,capital_buffer,-0.0014695515643489668
a9bb02509e38f069-1c43656cbea8,market,10000,expected_inflation,0.9586735584087364
d304f9538f507b9a-2f1d30643127,market,10001,borrower_leverage,0.01616811000716256
d304f9538f507b9a-2f1d30643127,market,10001,borrower_risk,0.004204262810057996
d304f9538f507b9a-2f1d30643127,market,10001,reserve_buffer,-0.00017041012439361752
d304f9538f507b9a-2f1d30643127,market,10001,capital_buffer,-0.004528911091518028
d304f9538f507b9a-2f1d30643127,market,10001,expected_inflation,0.9567978338116053
906bea845cb1e8f6-aa40a9962124,market,10002,borrower_leverage,0.017411268943412238
906bea845cb1e8f6-aa40a9962124,market,10002,borrower_risk,0.0036350715001384087
906bea845cb1e8f6-aa40a9962124,market,10002,reserve_buffer,-0.002035905285653517
906bea845cb1e8f6-aa40a9962124,market,10002,capital_buffer,-0.0030714882145683694
906bea845cb1e8f6-aa40a9962124,market,10002,expected_inflation,0.9652724108138925
5c443abe299615fa-f80c42f5ae29,market,10003,borrower_leverage,0.016050655361032406
5c443abe299615fa-f80c42f5ae29,market,10003,borrower_risk,0.004313701440487291
5c443abe299615fa-f80c42f5ae29,market,10003,reserve_buffer,-0.0001688056013736335
5c443abe299615fa-f80c42f5ae29,market,10003,capital_buffer,-0.00513542029716452
5c443abe299615fa-f80c42f5ae29,market,10003,expected_inflation,0.9644133150873061
7db7a59eeede6acf-ad9c0b7cfa02,market,10004,borrower_leverage,0.017275331973727878
7db7a59eeede6acf-ad9c0b7cfa02,market,10004,borrower_risk,0.004105827897102374
7db7a59eeede6acf-ad9c0b7cfa02,market,10004,reserve_buffer,-0.0029705084564589416
7db7a59eeede6acf-ad9c0b7cfa02,market,10004,capital_buffer,-0.0044604286492667955
7db7a59eeede6acf-ad9c0b7cfa02,market,10004,expected_inflation,1.0161870988397637
70673e39cae7c890-d6889c078388,market,10005,borrower_leverage,0.01687325939925064
70673e39cae7c890-d6889c078388,market,10005,borrower_risk,0.004030142814922855
70673e39cae7c890-d6889c078388,market,10005,reserve_buffer,-0.00047121291654773673
70673e39cae7c890-d6889c078388,market,10005,capital_buffer,-0.003909092378400431
70673e39cae7c890-d6889c078388,market,10005,expected_inflation,0.9720647079548225
c133e34310762a60-2c4cf0abd5ec,market,10006,borrower_leverage,0.016621322435413883
c133e34310762a60-2c4cf0abd5ec,market,10006,borrower_risk,0.00479857064845375
c133e34310762a60-2c4cf0abd5ec,market,10006,reserve_buffer,-0.0016566134275986257
c133e34310762a60-2c4cf0abd5ec,market,10006,capital_buffer,-0.0024101467095542324
c133e34310762a60-2c4cf0abd5ec,market,10006,expected_inflation,0.9948433406569863
c623aa2df189ccad-be28dec144d6,market,10007,borrower_leverage,0.017424460335491082
c623aa2df189ccad-be28dec144d6,market,10007,borrower_risk,0.003967863748651282
c623aa2df189ccad-be28dec144d6,market,10007,reserve_buffer,-0.0010316584838298136
c623aa2df189ccad-be28dec144d6,market,10007,capital_buffer,-0.0032998560362268595
c623aa2df189ccad-be28dec144d6,market,10007,expected_inflation,0.9810816905454605
99ff1204d3760b6b-c113a2415488,market,10008,borrower_leverage,0.016465264034195785
99ff1204d3760b6b-c113a2415488,market,10008,borrower_risk,0.0042782105842071256
99ff1204d3760b6b-c113a2415488,market,10008,reserve_buffer,0.0003519618960037204
99ff1204d3760b6b-c113a2415488,market,10008,capital_buffer,-0.004971781312627079
99ff1204d3760b6b-c113a2415488,market,10008,expected_inflation,0.984229587239507
0fbd682ebed087fd-f8bd43f7e98c,market,10009,borrower_leverage,0.017014258236781356
0fbd682ebed087fd-f8bd43f7e98c,market,10009,borrower_risk,0.004286904462338415
0fbd682ebed087fd-f8bd43f7e98c,market,10009,reserve_buffer,0.000887687422666903
0fbd682ebed087fd-f8bd43f7e98c,market,10009,capital_buffer,-0.005787007305146326
0fbd682ebed087fd-f8bd43f7e98c,market,10009,expected_inflation,1.0532491700670776
6f3f221ded3d8109-7287f04bb2d5,market,10010,borrower_leverage,0.016729304671902458
6f3f221ded3d8109-7287f04bb2d5,market,10010,borrower_risk,0.004306514244992009
6f3f221ded3d8109-7287f04bb2d5,market,10010,reserve_buffer,-0.0018469359299825273
6f3f221ded3d8109-7287f04bb2d5,market,10010,capital_buffer,-0.003706918870641449
6f3f221ded3d8109-7287f04bb2d5,market,10010,expected_inflation,0.978251223680459
6a2dd9617e8d7dad-d10b35bf0205,market,10011,borrower_leverage,0.016854878300636606
6a2dd9617e8d7dad-d10b35bf0205,market,10011,borrower_risk,0.004318963788745495
6a2dd9617e8d7dad-d10b35bf0205,market,10011,reserve_buffer,-0.0008038690203819874
6a2dd9617e8d7dad-d10b35bf0205,market,10011,capital_buffer,-0.004328106088893881
6a2dd9617e8d7dad-d10b35bf0205,market,10011,expected_inflation,1.0249525876367531
6a140be17d807d68-4e96ddfaceb0,market,10012,borrower_leverage,0.017210785647955508
6a140be17d807d68-4e96ddfaceb0,market,10012,borrower_risk,0.004203723196164494
6a140be17d807d68-4e96ddfaceb0,market,10012,reserve_buffer,-0.0027211609819279272
6a140be17d807d68-4e96ddfaceb0,market,10012,capital_buffer,-0.003178754820013931
6a140be17d807d68-4e96ddfaceb0,market,10012,expected_inflation,1.0264145914409015
a5fcab32f5aaea5d-bf19fe3e1247,market,10013,borrower_leverage,0.016909265914193033
a5fcab32f5aaea5d-bf19fe3e1247,market,10013,borrower_risk,0.004261480729903732
a5fcab32f5aaea5d-bf19fe3e1247,market,10013,reserve_buffer,-0.0004135352062046374
a5fcab32f5aaea5d-bf19fe3e1247,market,10013,capital_buffer,-0.005159354177247639
a5fcab32f5aaea5d-bf19fe3e1247,market,10013,expected_inflation,1.0376200354093228
538aa3f08d46a73b-1fc4db2923f0,market,10014,borrower_leverage,0.017439829059274405
538aa3f08d46a73b-1fc4db2923f0,market,10014,borrower_risk,0.003884780021510583
538aa3f08d46a73b-1fc4db2923f0,market,10014,reserve_buffer,-0.0031114565211678956
538aa3f08d46a73b-1fc4db2923f0,market,10014,capital_buffer,-0.0033673985237398464
538aa3f08d46a73b-1fc4db2923f0,market,10014,expected_inflation,0.9794509578733611
66bfe7a1079a52db-bfc2413c71a0,market,10015,borrower_leverage,0.01699800115337968
66bfe7a1079a52db-bfc2413c71a0,market,10015,borrower_risk,0.003982755102899269
66bfe7a1079a52db-bfc2413c71a0,market,10015,reserve_buffer,-0.0030783772947062847
66bfe7a1079a52db-bfc2413c71a0,market,10015,capital_buffer,-0.001475610363644958
66bfe7a1079a52db-bfc2413c71a0,market,10015,expected_inflation,0.960558695456053
50d2ba549dfed816-bfe397b8f0f7,market,10016,borrower_leverage,0.01646211068001766
50d2ba549dfed816-bfe397b8f0f7,market,10016,borrower_risk,0.004660944059118813
50d2ba549dfed816-bfe397b8f0f7,market,10016,reserve_buffer,-0.0030918466153484875
50d2ba549dfed816-bfe397b8f0f7,market,10016,capital_buffer,-0.002050789250491884
50d2ba549dfed816-bfe397b8f0f7,market,10016,expected_inflation,0.9721037624302981
69be7b6d23e9b3cc-35f8541c9f45,market,10017,borrower_leverage,0.017144258319442905
69be7b6d23e9b3cc-35f8541c9f45,market,10017,borrower_risk,0.003623463972110033
69be7b6d23e9b3cc-35f8541c9f45,market,10017,reserve_buffer,-0.0008808266775049235
69be7b6d23e9b3cc-35f8541c9f45,market,10017,capital_buffer,-0.002452741369195496
69be7b6d23e9b3cc-35f8541c9f45,market,10017,expected_inflation,0.9582926737475976
116d1db62d222975-9df9044439a2,market,10018,borrower_leverage,0.016469885628380664
116d1db62d222975-9df9044439a2,market,10018,borrower_risk,0.004272228216633763
116d1db62d222975-9df9044439a2,market,10018,reserve_buffer,-0.00042530551873739257
116d1db62d222975-9df9044439a2,market,10018,capital_buffer,-0.004919777315297995
116d1db62d222975-9df9044439a2,market,10018,expected_inflation,0.9843024975514375
38c0acb37e92d967-695d2090a1c2,market,10019,borrower_leverage,0.016658610351760143
38c0acb37e92d967-695d2090a1c2,market,10019,borrower_risk,0.004572316870926089
38c0acb37e92d967-695d2090a1c2,market,10019,reserve_buffer,-0.002169734838322895
38c0acb37e92d967-695d2090a1c2,market,10019,capital_buffer,-0.0043035590338859325
38c0acb37e92d967-695d2090a1c2,market,10019,expected_inflation,1.0411413683010449
a8a7ca5e09ccbed3-437b6ccb58e1,market,10020,borrower_leverage,0.01653980977246214
a8a7ca5e09ccbed3-437b6ccb58e1,market,10020,borrower_risk,0.004798315568476967
a8a7ca5e09ccbed3-437b6ccb58e1,market,10020,reserve_buffer,-0.0013872292702522438
a8a7ca5e09ccbed3-437b6ccb58e1,market,10020,capital_buffer,-0.0034452444488878744
a8a7ca5e09ccbed3-437b6ccb58e1,market,10020,expected_inflation,0.9911238006091405
8a01b49e3648ffdf-23af889b5dcb,market,10021,borrower_leverage,0.016911620119299964
8a01b49e3648ffdf-23af889b5dcb,market,10021,borrower_risk,0.0038935757881641015
8a01b49e3648ffdf-23af889b5dcb,market,10021,reserve_buffer,-0.0006744299802362828
8a01b49e3648ffdf-23af889b5dcb,market,10021,capital_buffer,-0.0039630225080464565
8a01b49e3648ffdf-23af889b5dcb,market,10021,expected_inflation,0.9579135531818985
34b751c47a527dd9-d52572e143ab,market,10022,borrower_leverage,0.01753898531201989
34b751c47a527dd9-d52572e143ab,market,10022,borrower_risk,0.0038097170165490805
34b751c47a527dd9-d52572e143ab,market,10022,reserve_buffer,-0.0038721720152066043
34b751c47a527dd9-d52572e143ab,market,10022,capital_buffer,-0.0022656037821949184
34b751c47a527dd9-d52572e143ab,market,10022,expected_inflation,0.9822779348820366
f489fbd805674b5e-9588408ee48e,market,10023,borrower_leverage,0.0170614109369785
f489fbd805674b5e-9588408ee48e,market,10023,borrower_risk,0.004135373320895905
f489fbd805674b5e-9588408ee48e,market,10023,reserve_buffer,-0.002507266154214001
f489fbd805674b5e-9588408ee48e,market,10023,capital_buffer,-0.0038964085307902287
f489fbd805674b5e-9588408ee48e,market,10023,expected_inflation,0.9789878967262925
00cfb8005843b03c-2d54c5745674,market,10024,borrower_leverage,0.016414746862697827
00cfb8005843b03c-2d54c5745674,market,10024,borrower_risk,0.0045469454757280986
00cfb8005843b03c-2d54c5745674,market,10024,reserve_buffer,-0.0017236226436776671
00cfb8005843b03c-2d54c5745674,market,10024,capital_buffer,-0.0034642919385640077
00cfb8005843b03c-2d54c5745674,market,10024,expected_inflation,0.971650847192117
1d2c024f3c129754-36b89490c823,market,10025,borrower_leverage,0.016026990080594026
1d2c024f3c129754-36b89490c823,market,10025,borrower_risk,0.0043949400590591325
1d2c024f3c129754-36b89490c823,market,10025,reserve_buffer,-0.0017795738114988833
1d2c024f3c129754-36b89490c823,market,10025,capital_buffer,-0.004530930784599873
1d2c024f3c129754-36b89490c823,market,10025,expected_inflation,0.9627797710162188
2d147665629998ba-41bacef757b2,market,10026,borrower_leverage,0.017364300372041782
2d147665629998ba-41bacef757b2,market,10026,borrower_risk,0.004143248520828308
2d147665629998ba-41bacef757b2,market,10026,reserve_buffer,-0.001688847625694884
2d147665629998ba-41bacef757b2,market,10026,capital_buffer,-0.0027340803082553586
2d147665629998ba-41bacef757b2,market,10026,expected_inflation,0.9892407624632114
d861b189e2f142d9-4a274e18728b,market,10027,borrower_leverage,0.016452579017126382
d861b189e2f142d9-4a274e18728b,market,10027,borrower_risk,0.004835737554651633
d861b189e2f142d9-4a274e18728b,market,10027,reserve_buffer,-0.0032301996973287876
d861b189e2f142d9-4a274e18728b,market,10027,capital_buffer,-0.00192613741424927
d861b189e2f142d9-4a274e18728b,market,10027,expected_inflation,1.002603366477723
78e320e21b713170-cf94c0f72d24,market,10028,borrower_leverage,0.016443613330758035
78e320e21b713170-cf94c0f72d24,market,10028,borrower_risk,0.004677735707925379
78e320e21b713170-cf94c0f72d24,market,10028,reserve_buffer,-0.0010229618278444733
78e320e21b713170-cf94c0f72d24,market,10028,capital_buffer,-0.003757714163846421
78e320e21b713170-cf94c0f72d24,market,10028,expected_inflation,0.9876322142433865
b980c9dc3ae49fa1-1d9771519e49,market,10029,borrower_leverage,0.016798749308218848
b980c9dc3ae49fa1-1d9771519e49,market,10029,borrower_risk,0.004498466698945962
b980c9dc3ae49fa1-1d9771519e49,market,10029,reserve_buffer,-0.002641163129652208
b980c9dc3ae49fa1-1d9771519e49,market,10029,capital_buffer,-0.003179311873720367
b980c9dc3ae49fa1-1d9771519e49,market,10029,expected_inflation,0.9803261729685147
