scenario,comparison,outcome,n,mean,std,se,ci_low,ci_high
h7_abundant_unavailable,market_minus_administered,new_credit,30,-66.75160385336615,136.44989082206703,24.91222772412108,-115.57957019264347,-17.92363751408883
h7_abundant_unavailable,market_minus_administered,output,30,-205.29089797637906,136.19774837598422,24.866193022313052,-254.02863630011262,-156.5531596526455
h7_abundant_unavailable,market_minus_administered,inflation_volatility,30,9.689932664425384e-05,0.00010409261869459766,1.9004625109605033e-05,5.965026142942797e-05,0.0001341483918590797
h7_abundant_unavailable,market_minus_administered,defaults,30,0,0.0,0.0,0.0,0.0
h7_abundant_unavailable,market_minus_administered,write_offs,30,0.0,0.0,0.0,0.0,0.0
h7_abundant_unavailable,market_minus_administered,interbank_volume,30,0.0,0.0,0.0,0.0,0.0
h7_abundant_unavailable,market_minus_administered,emergency_borrowing,30,0.0,0.0,0.0,0.0,0.0
h7_abundant_unavailable,market_minus_administered,liquidity_shortfall,30,0.0,0.0,0.0,0.0,0.0
h7_abundant_unavailable,market_minus_administered,final_credit,30,69.68408190587257,28.84830352530362,5.266955528854866,59.36084906931704,80.00731474242811
h7_scarce_unavailable,market_minus_administered,new_credit,40,0.0,0.0,0.0,0.0,0.0
h7_scarce_unavailable,market_minus_administered,output,40,0.0,0.0,0.0,0.0,0.0
h7_scarce_unavailable,market_minus_administered,inflation_volatility,40,0.0,0.0,0.0,0.0,0.0
h7_scarce_unavailable,market_minus_administered,defaults,40,0,0.0,0.0,0.0,0.0
h7_scarce_unavailable,market_minus_administered,write_offs,40,0.0,0.0,0.0,0.0,0.0
h7_scarce_unavailable,market_minus_administered,interbank_volume,40,123.31556059261902,12.63922137731053,1.998436370169585,119.39862530708663,127.23249587815141
h7_scarce_unavailable,market_minus_administered,emergency_borrowing,40,0.0,0.0,0.0,0.0,0.0
h7_scarce_unavailable,market_minus_administered,liquidity_shortfall,40,0.0,4.91183277397178e-13,7.76628952580692e-14,-1.5221927470581564e-13,1.5221927470581564e-13
h7_scarce_unavailable,market_minus_administered,final_credit,40,0.0,0.0,0.0,0.0,0.0
h7_scarce_penalty,market_minus_administered,new_credit,40,-512.4704151569881,57.945280066654156,9.161953233349026,-530.4278434943521,-494.512986819624
h7_scarce_penalty,market_minus_administered,output,40,-378.1825008615336,30.90515415332366,4.886533928155771,-387.7601073607189,-368.60489436234826
h7_scarce_penalty,market_minus_administered,inflation_volatility,40,-0.00045599715591864413,0.00033959904862456997,5.369532424399564e-05,-0.0005612399914368756,-0.0003507543204004127
h7_scarce_penalty,market_minus_administered,defaults,40,0,0.0,0.0,0.0,0.0
h7_scarce_penalty,market_minus_administered,write_offs,40,0.0,0.0,0.0,0.0,0.0
h7_scarce_penalty,market_minus_administered,interbank_volume,40,-225.85712712052958,67.4916679532282,10.671369690799782,-246.77301171449716,-204.941242526562
h7_scarce_penalty,market_minus_administered,emergency_borrowing,40,209.12418362016015,401.4525121672396,63.47521554224681,84.71276115735641,333.5356060829639
h7_scarce_penalty,market_minus_administered,liquidity_shortfall,40,4.050093593832571e-14,5.6528266707370056e-14,8.937903748837813e-15,2.2982644590603598e-14,5.801922728604783e-14
h7_scarce_penalty,market_minus_administered,final_credit,40,-110.40182336390852,21.52809642486002,3.40389091951428,-117.07344956615651,-103.73019716166053
h7_scarce_limited,market_minus_administered,new_credit,40,0.0,0.0,0.0,0.0,0.0
h7_scarce_limited,market_minus_administered,output,40,0.0,0.0,0.0,0.0,0.0
h7_scarce_limited,market_minus_administered,inflation_volatility,40,0.0,0.0,0.0,0.0,0.0
h7_scarce_limited,market_minus_administered,defaults,40,0,0.0,0.0,0.0,0.0
h7_scarce_limited,market_minus_administered,write_offs,40,0.0,0.0,0.0,0.0,0.0
h7_scarce_limited,market_minus_administered,interbank_volume,40,99.6930142685147,22.763927908568803,3.599293034147531,92.63839992158555,106.74762861544386
h7_scarce_limited,market_minus_administered,emergency_borrowing,40,-110.42774241660553,23.888726938614436,3.7771393763921495,-117.83093559433414,-103.02454923887692
h7_scarce_limited,market_minus_administered,liquidity_shortfall,40,560.8839748516909,143.32941963692835,22.662371088137874,516.4657275189408,605.3022221844411
h7_scarce_limited,market_minus_administered,final_credit,40,0.0,0.0,0.0,0.0,0.0
abundant_minus_scarce_unavailable,institutional_contrast_administered,new_credit,30,1243.3587441434734,27.06215653306728,4.940851195965584,1233.6746757993808,1253.042812487566
abundant_minus_scarce_unavailable,institutional_contrast_administered,output,30,1172.5457939768703,42.43783743852093,7.74805361893839,1157.359608883751,1187.7319790699896
abundant_minus_scarce_unavailable,institutional_contrast_administered,inflation_volatility,30,1.0311636604579585e-05,0.00024501118097283947,4.473271688660157e-05,-7.73644884931595e-05,9.798776170231867e-05
abundant_minus_scarce_unavailable,institutional_contrast_administered,defaults,30,0,0.0,0.0,0.0,0.0
abundant_minus_scarce_unavailable,institutional_contrast_administered,write_offs,30,0.0,0.0,0.0,0.0,0.0
abundant_minus_scarce_unavailable,institutional_contrast_administered,interbank_volume,30,-297.10469116690496,96.42010492610687,17.603822155014573,-331.6081825907335,-262.6011997430764
abundant_minus_scarce_unavailable,institutional_contrast_administered,emergency_borrowing,30,0.0,0.0,0.0,0.0,0.0
abundant_minus_scarce_unavailable,institutional_contrast_administered,liquidity_shortfall,30,-1408.199751103356,216.85695774967104,39.592482503813194,-1485.8010168108299,-1330.598485395882
abundant_minus_scarce_unavailable,institutional_contrast_administered,final_credit,30,98.43656988667153,17.13454200979579,3.1283250570950196,92.3050527747653,104.56808699857777
abundant_minus_scarce_unavailable,institutional_contrast_market,new_credit,30,1176.6071402901073,140.08265862878164,25.5754773487598,1126.479204686538,1226.7350758936766
abundant_minus_scarce_unavailable,institutional_contrast_market,output,30,967.2548960004912,169.84626808317762,31.009544112408705,906.4761895401701,1028.0336024608123
abundant_minus_scarce_unavailable,institutional_contrast_market,inflation_volatility,30,0.00010721096324883342,0.00027681565666997813,5.053939314291747e-05,8.15375268871519e-06,0.00020626817380895167
abundant_minus_scarce_unavailable,institutional_contrast_market,defaults,30,0,0.0,0.0,0.0,0.0
abundant_minus_scarce_unavailable,institutional_contrast_market,write_offs,30,0.0,0.0,0.0,0.0,0.0
abundant_minus_scarce_unavailable,institutional_contrast_market,interbank_volume,30,-422.6657474452644,88.03112142957532,16.07221032315161,-454.16727967864153,-391.16421521188727
abundant_minus_scarce_unavailable,institutional_contrast_market,emergency_borrowing,30,0.0,0.0,0.0,0.0,0.0
abundant_minus_scarce_unavailable,institutional_contrast_market,liquidity_shortfall,30,-1408.1997511033562,216.85695774967112,39.59248250381321,-1485.80101681083,-1330.5984853958823
abundant_minus_scarce_unavailable,institutional_contrast_market,final_credit,30,168.1206517925441,18.96641958165668,3.46277861332702,161.33360571042314,174.90769787466505
scarce_penalty_minus_unavailable,institutional_contrast_administered,new_credit,40,576.1014884369881,6.731724790862912,1.064379146027372,574.0153053107745,578.1876715632018
scarce_penalty_minus_unavailable,institutional_contrast_administered,output,40,433.8311510826001,21.147135355751317,3.3436556856024637,427.2775859388193,440.38471622638093
scarce_penalty_minus_unavailable,institutional_contrast_administered,inflation_volatility,40,0.00028645113769349643,0.0003770764526675172,5.9621022122301445e-05,0.00016959393433378558,0.0004033083410532073
scarce_penalty_minus_unavailable,institutional_contrast_administered,defaults,40,0,0.0,0.0,0.0,0.0
scarce_penalty_minus_unavailable,institutional_contrast_administered,write_offs,40,0.0,0.0,0.0,0.0,0.0
scarce_penalty_minus_unavailable,institutional_contrast_administered,interbank_volume,40,458.96831449514445,9.956916785534611,1.5743267757525825,455.8826340146694,462.0539949756195
scarce_penalty_minus_unavailable,institutional_contrast_administered,emergency_borrowing,40,1229.385767266759,141.8224814177974,22.42410323485729,1185.4345249264388,1273.3370096070794
scarce_penalty_minus_unavailable,institutional_contrast_administered,liquidity_shortfall,40,-1395.378871970916,212.60350492979222,33.61556570564899,-1461.265380753988,-1329.492363187844
scarce_penalty_minus_unavailable,institutional_contrast_administered,final_credit,40,119.82066598790851,2.749572654499933,0.43474560901675036,118.96856459423569,120.67276738158134
scarce_penalty_minus_unavailable,institutional_contrast_market,new_credit,40,63.63107328,58.79033647418749,9.295568383305266,45.41175924872168,81.85038731127833
scarce_penalty_minus_unavailable,institutional_contrast_market,output,40,55.648650221066504,37.4341384931569,5.918856994227963,44.047690512379695,67.2496099297533
scarce_penalty_minus_unavailable,institutional_contrast_market,inflation_volatility,40,-0.0001695460182251477,0.00018464295876504964,2.9194615180505385e-05,-0.00022676746397893826,-0.00011232457247135715
scarce_penalty_minus_unavailable,institutional_contrast_market,defaults,40,0,0.0,0.0,0.0,0.0
scarce_penalty_minus_unavailable,institutional_contrast_market,write_offs,40,0.0,0.0,0.0,0.0,0.0
scarce_penalty_minus_unavailable,institutional_contrast_market,interbank_volume,40,109.79562678199584,72.33225282848679,11.43673336145874,87.3796293935367,132.21162417045497
scarce_penalty_minus_unavailable,institutional_contrast_market,emergency_borrowing,40,1438.5099508869193,523.0937684132631,82.70838690132769,1276.401512560317,1600.6183892135216
scarce_penalty_minus_unavailable,institutional_contrast_market,liquidity_shortfall,40,-1395.378871970916,212.60350492979225,33.615565705649,-1461.265380753988,-1329.492363187844
scarce_penalty_minus_unavailable,institutional_contrast_market,final_credit,40,9.418842624000002,21.564007127238636,3.409568900108922,2.7360875797865143,16.10159766821349
scarce_limited_minus_unavailable,institutional_contrast_administered,new_credit,40,30.0,0.0,0.0,30.0,30.0
scarce_limited_minus_unavailable,institutional_contrast_administered,output,40,34.402009245332216,2.2010666618536527,0.3480191966660597,33.719891619866736,35.0841268707977
scarce_limited_minus_unavailable,institutional_contrast_administered,inflation_volatility,40,-0.00024618098187580167,4.9082798912603914e-05,7.760671924993208e-06,-0.00026139189884878835,-0.000230970064902815
scarce_limited_minus_unavailable,institutional_contrast_administered,defaults,40,0,0.0,0.0,0.0,0.0
scarce_limited_minus_unavailable,institutional_contrast_administered,write_offs,40,0.0,0.0,0.0,0.0,0.0
scarce_limited_minus_unavailable,institutional_contrast_administered,interbank_volume,40,49.479296481464786,16.46347836128118,2.6031044915272497,44.377211678071376,54.581381284858196
scarce_limited_minus_unavailable,institutional_contrast_administered,emergency_borrowing,40,546.4544687856048,24.691728135947365,3.904105013762868,538.8024229586296,554.1065146125801
scarce_limited_minus_unavailable,institutional_contrast_administered,liquidity_shortfall,40,-723.7340122631842,37.095489123317236,5.865311827384259,-735.2300234448574,-712.2380010815111
scarce_limited_minus_unavailable,institutional_contrast_administered,final_credit,40,0.0,0.0,0.0,0.0,0.0
scarce_limited_minus_unavailable,institutional_contrast_market,new_credit,40,30.0,0.0,0.0,30.0,30.0
scarce_limited_minus_unavailable,institutional_contrast_market,output,40,34.402009245332216,2.2010666618536527,0.3480191966660597,33.719891619866736,35.0841268707977
scarce_limited_minus_unavailable,institutional_contrast_market,inflation_volatility,40,-0.00024618098187580167,4.9082798912603914e-05,7.760671924993208e-06,-0.00026139189884878835,-0.000230970064902815
scarce_limited_minus_unavailable,institutional_contrast_market,defaults,40,0,0.0,0.0,0.0,0.0
scarce_limited_minus_unavailable,institutional_contrast_market,write_offs,40,0.0,0.0,0.0,0.0,0.0
scarce_limited_minus_unavailable,institutional_contrast_market,interbank_volume,40,25.856750157360466,33.63615029916259,5.31834233325539,15.432799184179903,36.28070113054103
scarce_limited_minus_unavailable,institutional_contrast_market,emergency_borrowing,40,436.02672636899933,34.01921280664107,5.3789098337477546,425.48406309485375,446.5693896431449
scarce_limited_minus_unavailable,institutional_contrast_market,liquidity_shortfall,40,-162.85003741149328,122.58636215610002,19.382605724377274,-200.83994463127272,-124.86013019171382
scarce_limited_minus_unavailable,institutional_contrast_market,final_credit,40,0.0,0.0,0.0,0.0,0.0
scarce_penalty_minus_limited,institutional_contrast_administered,new_credit,40,546.1014884369881,6.731724790862912,1.064379146027372,544.0153053107745,548.1876715632018
scarce_penalty_minus_limited,institutional_contrast_administered,output,40,399.4291418372679,19.693378091217358,3.1137964795553024,393.32610073733946,405.5321829371963
scarce_penalty_minus_limited,institutional_contrast_administered,inflation_volatility,40,0.0005326321195692982,0.00036085111717171344,5.705557132394558e-05,0.00042080319977436483,0.0006444610393642315
scarce_penalty_minus_limited,institutional_contrast_administered,defaults,40,0,0.0,0.0,0.0,0.0
scarce_penalty_minus_limited,institutional_contrast_administered,write_offs,40,0.0,0.0,0.0,0.0,0.0
scarce_penalty_minus_limited,institutional_contrast_administered,interbank_volume,40,409.4890180136797,14.277186394319829,2.2574213792408764,405.0644721103676,413.9135639169918
scarce_penalty_minus_limited,institutional_contrast_administered,emergency_borrowing,40,682.9312984811543,121.7238902675297,19.246236945089816,645.2086740687782,720.6539228935303
scarce_penalty_minus_limited,institutional_contrast_administered,liquidity_shortfall,40,-671.6448597077318,184.91314542679515,29.237335442731048,-728.9500371754847,-614.339682239979
scarce_penalty_minus_limited,institutional_contrast_administered,final_credit,40,119.82066598790851,2.749572654499933,0.43474560901675036,118.96856459423569,120.67276738158134
scarce_penalty_minus_limited,institutional_contrast_market,new_credit,40,33.63107328,58.79033647418749,9.295568383305266,15.41175924872168,51.850387311278325
scarce_penalty_minus_limited,institutional_contrast_market,output,40,21.24664097573429,36.63666312514007,5.792765067187253,9.892821444047275,32.6004605074213
scarce_penalty_minus_limited,institutional_contrast_market,inflation_volatility,40,7.663496365065397e-05,0.00016420652789158883,2.596333174026936e-05,2.574683343972602e-05,0.0001275230938615819
scarce_penalty_minus_limited,institutional_contrast_market,defaults,40,0,0.0,0.0,0.0,0.0
scarce_penalty_minus_limited,institutional_contrast_market,write_offs,40,0.0,0.0,0.0,0.0,0.0
scarce_penalty_minus_limited,institutional_contrast_market,interbank_volume,40,83.93887662463537,76.3404375099649,12.070483005262108,60.28072993432164,107.5970233149491
scarce_penalty_minus_limited,institutional_contrast_market,emergency_borrowing,40,1002.48322451792,514.4564401336487,81.34270538821941,843.05152195701,1161.91492707883
scarce_penalty_minus_limited,institutional_contrast_market,liquidity_shortfall,40,-1232.5288345594226,317.42730109753444,50.18966314941374,-1330.9005743322737,-1134.1570947865716
scarce_penalty_minus_limited,institutional_contrast_market,final_credit,40,9.418842624000002,21.564007127238636,3.409568900108922,2.7360875797865143,16.10159766821349
