run_id,scenario_id,rate_regime,replication,parameter_set_id,cumulative_new_credit,cumulative_output,shock
5899c79b350f925b996ccd3c,local_calibrated_baseline,administered,0,baseline-calibrated,9.616092362950727,2724.198222629616,False
6d138cb28b23c088f96b1af8,local_calibrated_baseline,administered,1,baseline-calibrated,4.82800706353092,2878.700792186487,False
acd3d08851068bccd7fdc02b,local_calibrated_baseline,administered,2,baseline-calibrated,16.820153640688364,2905.3090668858167,False
ddbfef9b26d0f9643ba08117,local_calibrated_baseline,administered,3,baseline-calibrated,1.4016794700573638,3070.91899417681,False
63e19810529f270395a48d02,local_calibrated_baseline,administered,4,baseline-calibrated,7.21392646884236,2879.2245688472294,False
f3435c0427a4d3ca1f5b279b,local_calibrated_baseline,administered,5,baseline-calibrated,9.001897041035072,2904.4270403320193,False
3c50940cf1cdc12d22bf3bbb,local_calibrated_baseline,administered,6,baseline-calibrated,10.12775712953141,3090.2975489344167,False
3659104c85853f1591a23206,local_calibrated_baseline,administered,7,baseline-calibrated,8.487947902014035,3080.9267456035327,False
ba5303788f27fcb9d682e54a,local_calibrated_baseline,administered,8,baseline-calibrated,13.676731467162409,3019.923487855498,False
d76d85dcb515a6a72f63d620,local_calibrated_baseline,administered,9,baseline-calibrated,15.54306790130277,2895.6991318760656,False
ffbfbf49ec4aefb97cae39d3,local_calibrated_baseline,market,0,baseline-calibrated,4.298483708175915,2718.3910781304153,False
13ba50b05aa80ce7cc489318,local_calibrated_baseline,market,1,baseline-calibrated,1.2459373067176567,2872.049399540244,False
5f2e6c3423505fa8c292adaf,local_calibrated_baseline,market,2,baseline-calibrated,10.77735770310773,2898.540924857491,False
fc524691cfc7ba12e18d214d,local_calibrated_baseline,market,3,baseline-calibrated,1.2459373067176567,3066.9641552173985,False
d89395a4ead9f8e67b5fd7a0,local_calibrated_baseline,market,4,baseline-calibrated,2.5853199114391376,2869.748111952461,False
b455cedd2974e384b93365e1,local_calibrated_baseline,market,5,baseline-calibrated,1.993499690748251,2891.753197882028,False
9e4f95cb95ece097ee101711,local_calibrated_baseline,market,6,baseline-calibrated,2.9591011034544352,3078.332199941216,False
e1b2d95740de56b64ad7486a,local_calibrated_baseline,market,7,baseline-calibrated,2.8968042381185524,3067.8288374983135,False
d8f77cd14a0daeafae7f4da5,local_calibrated_baseline,market,8,baseline-calibrated,3.675515054817088,3000.09218751609,False
30b12181f1c3ff189a72460a,local_calibrated_baseline,market,9,baseline-calibrated,11.789681764815828,2891.3167505302818,False
403e150379600ab22ded11b5,local_calibrated_shock,administered,0,baseline-calibrated,15.009650991864268,2813.5540571105776,True
2b6ac9c04bfdc794516ac51b,local_calibrated_shock,administered,1,baseline-calibrated,6.132347681500964,2880.1904861464036,True
14eae08043ae84316cfe55e5,local_calibrated_shock,administered,2,baseline-calibrated,19.25362494287129,2918.6448234462273,True
307077605e121eeaf1ec884b,local_calibrated_shock,administered,3,baseline-calibrated,3.3696061530062296,3073.789886990855,True
53ac9f4f0ad9b66e65aaf13b,local_calibrated_shock,administered,4,baseline-calibrated,11.240690639043358,2922.2319462052405,True
9670b899fcfdf7669a637ef7,local_calibrated_shock,administered,5,baseline-calibrated,14.406150108922905,2921.627836161563,True
5ff4a5220e85f6905d5adec3,local_calibrated_shock,administered,6,baseline-calibrated,13.63522640039135,3095.871339293971,True
fe3927144666e364fefd434b,local_calibrated_shock,administered,7,baseline-calibrated,13.199148343040173,3096.397841214491,True
fd16097cba7cc8694698aa5f,local_calibrated_shock,administered,8,baseline-calibrated,19.83041983597251,3030.440563243736,True
e4b8f40d04688be3b58884a5,local_calibrated_shock,administered,9,baseline-calibrated,18.11281359640794,2910.0075486724654,True
293f7d042cf2a8e9b233c644,local_calibrated_shock,market,0,baseline-calibrated,8.1336344804162,2805.118596253975,True
fbc3d1f2363128f22f486ad5,local_calibrated_shock,market,1,baseline-calibrated,2.1025192050860455,2873.201155231594,True
3d1b599c902fa753ec0b8b16,local_calibrated_shock,market,2,baseline-calibrated,14.110239998577464,2913.2311529287363,True
5363840280fe3bed261ebfa3,local_calibrated_shock,market,3,baseline-calibrated,1.7528420235701514,3067.737327840419,True
eafa0dc5cef9a6cd3b541364,local_calibrated_shock,market,4,baseline-calibrated,6.155709006001922,2911.3625411372695,True
8e50242bc9565c8494a30d12,local_calibrated_shock,market,5,baseline-calibrated,6.37374803467751,2908.268192344629,True
c10735cfd652ad155201fe1d,local_calibrated_shock,market,6,baseline-calibrated,6.78257121344424,3084.8804434064423,True
92873acb976e8923e665110d,local_calibrated_shock,market,7,baseline-calibrated,7.245904149379873,3083.4703290674615,True
4691952648590d80bef80f85,local_calibrated_shock,market,8,baseline-calibrated,9.254978056462095,3011.0182475157444,True
c3dd5c7d7e7d16a41f05fccd,local_calibrated_shock,market,9,baseline-calibrated,15.282199777708755,2906.1514625769687,True
45dde5d3c6a9ee95b35c7806,local_base_credit_demand_minus10_baseline,administered,0,v0.4-local-sensitivity-1-base_credit_demand_minus10,10.022008210910144,2719.272946276282,False
db5c310c0bddd9119ac828aa,local_base_credit_demand_minus10_baseline,administered,1,v0.4-local-sensitivity-1-base_credit_demand_minus10,8.60134034239138,2767.5166386877354,False
ffc5700a3936a9941ea1c3f7,local_base_credit_demand_minus10_baseline,administered,2,v0.4-local-sensitivity-1-base_credit_demand_minus10,7.821371442920089,2836.2608040834657,False
d9e2688b31a39679d97d171e,local_base_credit_demand_minus10_baseline,administered,3,v0.4-local-sensitivity-1-base_credit_demand_minus10,10.274310515520476,3018.9751588174913,False
c7cc5c9b2a568d5c9fdb368a,local_base_credit_demand_minus10_baseline,administered,4,v0.4-local-sensitivity-1-base_credit_demand_minus10,12.713232793420287,2563.953249313493,False
e9b911ed27217e535a8f23f4,local_base_credit_demand_minus10_baseline,administered,5,v0.4-local-sensitivity-1-base_credit_demand_minus10,4.884015475742686,2863.5433539436435,False
165e65621bc841338547a3f3,local_base_credit_demand_minus10_baseline,administered,6,v0.4-local-sensitivity-1-base_credit_demand_minus10,6.419691972862724,2995.363710664214,False
38573c5930dd2c2ed2b527a9,local_base_credit_demand_minus10_baseline,administered,7,v0.4-local-sensitivity-1-base_credit_demand_minus10,4.275122383674959,2991.6735704146736,False
98c85e8225b952545cf3732f,local_base_credit_demand_minus10_baseline,administered,8,v0.4-local-sensitivity-1-base_credit_demand_minus10,2.1726031785889135,3082.9305309300494,False
e276930bbd286971b67862cc,local_base_credit_demand_minus10_baseline,administered,9,v0.4-local-sensitivity-1-base_credit_demand_minus10,15.250272634224114,2932.2517204985706,False
b3379d5c7bc49fa7d89d295b,local_base_credit_demand_minus10_baseline,market,0,v0.4-local-sensitivity-1-base_credit_demand_minus10,4.177004820770943,2710.3830716950806,False
b6832afbccb9235e3502dedd,local_base_credit_demand_minus10_baseline,market,1,v0.4-local-sensitivity-1-base_credit_demand_minus10,3.3219803440359517,2759.460047493113,False
8228645af8293e7dbc2e1349,local_base_credit_demand_minus10_baseline,market,2,v0.4-local-sensitivity-1-base_credit_demand_minus10,3.9247025161606173,2831.816522638762,False
b71e3da083b8d6eede9d3d20,local_base_credit_demand_minus10_baseline,market,3,v0.4-local-sensitivity-1-base_credit_demand_minus10,5.480566727924292,3011.540841790241,False
1b172d31ec7492a11c6b4fe1,local_base_credit_demand_minus10_baseline,market,4,v0.4-local-sensitivity-1-base_credit_demand_minus10,6.041238515947236,2559.1980736954456,False
59b7ae9717998aa03e5242c0,local_base_credit_demand_minus10_baseline,market,5,v0.4-local-sensitivity-1-base_credit_demand_minus10,1.1633939601476118,2854.0521609566413,False
3179e838c1fa969143779b89,local_base_credit_demand_minus10_baseline,market,6,v0.4-local-sensitivity-1-base_credit_demand_minus10,5.6067178802294535,2989.533962361226,False
cd0bafe0fb918de93affd4ea,local_base_credit_demand_minus10_baseline,market,7,v0.4-local-sensitivity-1-base_credit_demand_minus10,2.242687152091782,2987.436320464624,False
88010ebe853671e6ec26cdbd,local_base_credit_demand_minus10_baseline,market,8,v0.4-local-sensitivity-1-base_credit_demand_minus10,0.0,3078.8962940923034,False
c125b8fb16ab1fd56bdb5d01,local_base_credit_demand_minus10_baseline,market,9,v0.4-local-sensitivity-1-base_credit_demand_minus10,7.106514913190834,2920.798511981914,False
c4447f7d916cb69d35ccbdda,local_base_credit_demand_minus10_shock,administered,0,v0.4-local-sensitivity-1-base_credit_demand_minus10,15.17318026337096,2773.890166403511,True
789761c4179847e8cf4c0bb5,local_base_credit_demand_minus10_shock,administered,1,v0.4-local-sensitivity-1-base_credit_demand_minus10,13.936198131045337,2825.94086408822,True
d6f5e825bdd62184942bba6a,local_base_credit_demand_minus10_shock,administered,2,v0.4-local-sensitivity-1-base_credit_demand_minus10,13.475943414011603,2893.8043456747223,True
a80a1a0e151c0a8ecd9c4451,local_base_credit_demand_minus10_shock,administered,3,v0.4-local-sensitivity-1-base_credit_demand_minus10,13.060148462259486,3046.0481061058545,True
03b99d617b2d8eb7f7f44ab7,local_base_credit_demand_minus10_shock,administered,4,v0.4-local-sensitivity-1-base_credit_demand_minus10,16.83066623671379,2652.8395324956496,True
dbf954629dd9778bb34f34ef,local_base_credit_demand_minus10_shock,administered,5,v0.4-local-sensitivity-1-base_credit_demand_minus10,7.341296224425441,2869.0646863184284,True
2c8f7786ebe3f0617138cf52,local_base_credit_demand_minus10_shock,administered,6,v0.4-local-sensitivity-1-base_credit_demand_minus10,8.85511005208739,2998.617785259034,True
7e83a7dd33b27cc2f9754509,local_base_credit_demand_minus10_shock,administered,7,v0.4-local-sensitivity-1-base_credit_demand_minus10,6.349607999359856,2994.1371190950854,True
bcbccfdd1b70a7000ab8a451,local_base_credit_demand_minus10_shock,administered,8,v0.4-local-sensitivity-1-base_credit_demand_minus10,2.3828550990975184,3085.1883456809815,True
d7fe4d75c868c4c2975f2fdb,local_base_credit_demand_minus10_shock,administered,9,v0.4-local-sensitivity-1-base_credit_demand_minus10,20.22623475292776,2964.3860330914968,True
e8d8914b03f97025027610ca,local_base_credit_demand_minus10_shock,market,0,v0.4-local-sensitivity-1-base_credit_demand_minus10,8.073673747530414,2763.1286555074753,True
0a17b65deb6a703a5481dd9e,local_base_credit_demand_minus10_shock,market,1,v0.4-local-sensitivity-1-base_credit_demand_minus10,6.216448449704408,2813.2501380612,True
f26c3be5e8580629761a6520,local_base_credit_demand_minus10_shock,market,2,v0.4-local-sensitivity-1-base_credit_demand_minus10,7.7197496813409305,2887.0220430368026,True
5a8e493c9f5061593fa25c03,local_base_credit_demand_minus10_shock,market,3,v0.4-local-sensitivity-1-base_credit_demand_minus10,9.096899760672287,3039.472883903578,True
b4f7f0dbf3782ca2ca10e433,local_base_credit_demand_minus10_shock,market,4,v0.4-local-sensitivity-1-base_credit_demand_minus10,9.335185270582038,2645.517306271876,True
3bf61e2cabc6d00ac435f6dd,local_base_credit_demand_minus10_shock,market,5,v0.4-local-sensitivity-1-base_credit_demand_minus10,3.54624905924513,2860.1123588188157,True
177f2f6b2c75e73638e02f0f,local_base_credit_demand_minus10_shock,market,6,v0.4-local-sensitivity-1-base_credit_demand_minus10,6.307557615258135,2990.6122241562935,True
6d1464358a1d390b39d88be1,local_base_credit_demand_minus10_shock,market,7,v0.4-local-sensitivity-1-base_credit_demand_minus10,3.311467748010522,2988.843631708615,True
3f658cfabec98f71f126331a,local_base_credit_demand_minus10_shock,market,8,v0.4-local-sensitivity-1-base_credit_demand_minus10,0.8410076820344181,3082.2269570885974,True
2cf8f21c85ba7866a86c08f9,local_base_credit_demand_minus10_shock,market,9,v0.4-local-sensitivity-1-base_credit_demand_minus10,13.042627468883769,2953.7185081956704,True
ae6d3f6686a207340dba37d7,local_base_credit_demand_plus10_baseline,administered,0,v0.4-local-sensitivity-1-base_credit_demand_plus10,12.214857870733226,2957.8805480425312,False
663e0ec20b3fe7d6d4bf213d,local_base_credit_demand_plus10_baseline,administered,1,v0.4-local-sensitivity-1-base_credit_demand_plus10,9.593717261725953,2962.7911269335523,False
318705216ae3bd216b6c3f04,local_base_credit_demand_plus10_baseline,administered,2,v0.4-local-sensitivity-1-base_credit_demand_plus10,10.863531020054545,3013.930861420511,False
a1e2f15932778c9f08b26fa8,local_base_credit_demand_plus10_baseline,administered,3,v0.4-local-sensitivity-1-base_credit_demand_plus10,9.985864343079486,2820.451080885435,False
c8dddaba12a04266727610be,local_base_credit_demand_plus10_baseline,administered,4,v0.4-local-sensitivity-1-base_credit_demand_plus10,10.758668643506965,2827.028986349288,False
8bcbb862da7d3f5693d0af32,local_base_credit_demand_plus10_baseline,administered,5,v0.4-local-sensitivity-1-base_credit_demand_plus10,25.44048238154116,2976.985438648116,False
c127b2ed21e157464b1d37be,local_base_credit_demand_plus10_baseline,administered,6,v0.4-local-sensitivity-1-base_credit_demand_plus10,3.563380697212498,2868.1217790343544,False
ce043cbc09a4fd51c67b7724,local_base_credit_demand_plus10_baseline,administered,7,v0.4-local-sensitivity-1-base_credit_demand_plus10,16.155134603227822,3018.83388799043,False
80f83d9519d72097a4bc5de1,local_base_credit_demand_plus10_baseline,administered,8,v0.4-local-sensitivity-1-base_credit_demand_plus10,11.286684704278063,2908.534520367528,False
eddecf7c91aa19e771fff3d3,local_base_credit_demand_plus10_baseline,administered,9,v0.4-local-sensitivity-1-base_credit_demand_plus10,5.4821241495576905,2963.694348646093,False
39a1be2a0c19ada25e35da80,local_base_credit_demand_plus10_baseline,market,0,v0.4-local-sensitivity-1-base_credit_demand_plus10,7.41799923987025,2948.0952469394483,False
e051bb8c0b46caf5ba6bd8d7,local_base_credit_demand_plus10_baseline,market,1,v0.4-local-sensitivity-1-base_credit_demand_plus10,2.5354824191704304,2947.6070744906283,False
02f53181c3b345391b38eedf,local_base_credit_demand_plus10_baseline,market,2,v0.4-local-sensitivity-1-base_credit_demand_plus10,5.961810012643988,3002.3702778706147,False
cd1b328e5cc60cf6589d5d74,local_base_credit_demand_plus10_baseline,market,3,v0.4-local-sensitivity-1-base_credit_demand_plus10,4.162988026070369,2811.3845039668067,False
b6178fe4189f6a7dfafe2a32,local_base_credit_demand_plus10_baseline,market,4,v0.4-local-sensitivity-1-base_credit_demand_plus10,5.996073288578722,2818.6116789347843,False
116241eb4cf96505aee2759d,local_base_credit_demand_plus10_baseline,market,5,v0.4-local-sensitivity-1-base_credit_demand_plus10,8.34310769010811,2953.8391175149927,False
7bafd75c04dabd1a8e46c8d2,local_base_credit_demand_plus10_baseline,market,6,v0.4-local-sensitivity-1-base_credit_demand_plus10,0.0,2862.7702848658287,False
323d212338c74354f61d0ca0,local_base_credit_demand_plus10_baseline,market,7,v0.4-local-sensitivity-1-base_credit_demand_plus10,10.501694073996447,3011.767557048643,False
72cdb0791ecf19f5553adfd0,local_base_credit_demand_plus10_baseline,market,8,v0.4-local-sensitivity-1-base_credit_demand_plus10,5.670572167198733,2902.8940376606106,False
bc040e274bfd586fed0a3ccf,local_base_credit_demand_plus10_baseline,market,9,v0.4-local-sensitivity-1-base_credit_demand_plus10,2.7410620747788452,2960.3925770249143,False
4f3c3488f8881966ad846d93,local_base_credit_demand_plus10_shock,administered,0,v0.4-local-sensitivity-1-base_credit_demand_plus10,16.005232771013343,2963.254761025417,True
06b15d1df574b4e79ef32d72,local_base_credit_demand_plus10_shock,administered,1,v0.4-local-sensitivity-1-base_credit_demand_plus10,15.899727294180451,2979.6052234953463,True
12bb424a7bbb69ab207f2d7d,local_base_credit_demand_plus10_shock,administered,2,v0.4-local-sensitivity-1-base_credit_demand_plus10,14.283503155292884,3021.8310440232385,True
f1f4861daf8351d2258d572e,local_base_credit_demand_plus10_shock,administered,3,v0.4-local-sensitivity-1-base_credit_demand_plus10,16.1413415445784,2873.9046748452893,True
377df84c1ecc14031fd19198,local_base_credit_demand_plus10_shock,administered,4,v0.4-local-sensitivity-1-base_credit_demand_plus10,13.671047097959487,2853.963236910678,True
059b7155ce3462c3c74ee911,local_base_credit_demand_plus10_shock,administered,5,v0.4-local-sensitivity-1-base_credit_demand_plus10,31.111054548739887,2984.009262441887,True
817fc13eafb67fc2b3d62d01,local_base_credit_demand_plus10_shock,administered,6,v0.4-local-sensitivity-1-base_credit_demand_plus10,4.933911734601919,2869.4206299093808,True
50d56c8f233f513fa60e178a,local_base_credit_demand_plus10_shock,administered,7,v0.4-local-sensitivity-1-base_credit_demand_plus10,18.5021690047572,3022.476530194634,True
29cf721fe62ab9025a1d0b77,local_base_credit_demand_plus10_shock,administered,8,v0.4-local-sensitivity-1-base_credit_demand_plus10,17.881147128440116,2992.999565386762,True
0cdc1f721de993417e34046a,local_base_credit_demand_plus10_shock,administered,9,v0.4-local-sensitivity-1-base_credit_demand_plus10,5.824756908905046,2964.177337026996,True
66b106b199b9d3c6861aee3d,local_base_credit_demand_plus10_shock,market,0,v0.4-local-sensitivity-1-base_credit_demand_plus10,10.394621336700398,2953.018628847621,True
9c29397c0c21351a458d4819,local_base_credit_demand_plus10_shock,market,1,v0.4-local-sensitivity-1-base_credit_demand_plus10,6.565700250993702,2961.9471118997344,True
d93a849c1b54e4fd3a1d784c,local_base_credit_demand_plus10_shock,market,2,v0.4-local-sensitivity-1-base_credit_demand_plus10,9.01124157083545,3010.2872126005527,True
d3914e6fbeb54baec7390d32,local_base_credit_demand_plus10_shock,market,3,v0.4-local-sensitivity-1-base_credit_demand_plus10,7.880553464989178,2860.2895080240082,True
fdfb89cd5d35fcfcb518b572,local_base_credit_demand_plus10_shock,market,4,v0.4-local-sensitivity-1-base_credit_demand_plus10,9.276781959329654,2844.93712265509,True
8b98902b687ccb520e287592,local_base_credit_demand_plus10_shock,market,5,v0.4-local-sensitivity-1-base_credit_demand_plus10,14.784603565838387,2962.8245884747084,True
dcd717abf0d91d83ee9cf54f,local_base_credit_demand_plus10_shock,market,6,v0.4-local-sensitivity-1-base_credit_demand_plus10,0.920825540746018,2864.016437718964,True
049507f8387bb33114c8ef2f,local_base_credit_demand_plus10_shock,market,7,v0.4-local-sensitivity-1-base_credit_demand_plus10,13.486881989810279,3016.5838952000627,True
8d5261d99ec42dc685c4100c,local_base_credit_demand_plus10_shock,market,8,v0.4-local-sensitivity-1-base_credit_demand_plus10,10.767234462490645,2983.874232995915,True
a4a4ee50dd4ddda7cbe1cc1a,local_base_credit_demand_plus10_shock,market,9,v0.4-local-sensitivity-1-base_credit_demand_plus10,3.447742140932766,2961.2864624723684,True
d92708b035ae9b815cfd52f4,local_capital_price_minus10_baseline,administered,0,v0.4-local-sensitivity-1-capital_price_minus10,11.291306842128762,2976.492731237171,False
ca5636a34ddc3ea18320fc5c,local_capital_price_minus10_baseline,administered,1,v0.4-local-sensitivity-1-capital_price_minus10,15.434048386964973,2629.9157105137674,False
05e6cab9b6c4fb612fdd40f1,local_capital_price_minus10_baseline,administered,2,v0.4-local-sensitivity-1-capital_price_minus10,6.307557615258138,3165.745001797294,False
0f831da02e1cdfb64def8799,local_capital_price_minus10_baseline,administered,3,v0.4-local-sensitivity-1-capital_price_minus10,9.578143045391984,2960.9345144880226,False
0f8ef273afae564da83092a1,local_capital_price_minus10_baseline,administered,4,v0.4-local-sensitivity-1-capital_price_minus10,1.2459373067176567,3021.214797841538,False
0877803833fab4b7f5fd0317,local_capital_price_minus10_baseline,administered,5,v0.4-local-sensitivity-1-capital_price_minus10,23.74709278595561,2970.097608375317,False
241e792a497c7d1cc668be63,local_capital_price_minus10_baseline,administered,6,v0.4-local-sensitivity-1-capital_price_minus10,11.60279116880818,2928.64976806477,False
9f44b3f1b629af9a0a513f8b,local_capital_price_minus10_baseline,administered,7,v0.4-local-sensitivity-1-capital_price_minus10,7.709237085315499,2925.072823436756,False
d8f946a54c0dcd30763a0f6a,local_capital_price_minus10_baseline,administered,8,v0.4-local-sensitivity-1-capital_price_minus10,1.4016794700573638,3021.6336153457346,False
799c5ec8101ecac89599a414,local_capital_price_minus10_baseline,administered,9,v0.4-local-sensitivity-1-capital_price_minus10,11.83640441381774,2823.8446575219205,False
51e6b5331cdf9b90eebb8358,local_capital_price_minus10_baseline,market,0,v0.4-local-sensitivity-1-capital_price_minus10,4.407503222513711,2963.6669268981545,False
403cfa0d998c5f212c467ec8,local_capital_price_minus10_baseline,market,1,v0.4-local-sensitivity-1-capital_price_minus10,8.95517439203316,2625.0436431206685,False
30e16e52ece52db11b8b5716,local_capital_price_minus10_baseline,market,2,v0.4-local-sensitivity-1-capital_price_minus10,2.4918746134353134,3156.2385099957587,False
7cbb1ad570afc123f71d6bcc,local_capital_price_minus10_baseline,market,3,v0.4-local-sensitivity-1-capital_price_minus10,5.653440529231367,2952.6033903040975,False
2e6c4a7a6c7deb614e2ac4b5,local_capital_price_minus10_baseline,market,4,v0.4-local-sensitivity-1-capital_price_minus10,0.0,3019.745740334353,False
649636be3a03bd5c4997795d,local_capital_price_minus10_baseline,market,5,v0.4-local-sensitivity-1-capital_price_minus10,16.38407558333719,2962.9120371280046,False
41a0215430f530ca3edbd67b,local_capital_price_minus10_baseline,market,6,v0.4-local-sensitivity-1-capital_price_minus10,5.840331125239017,2916.0803843538174,False
cee003fe02cddc06c4ff7df0,local_capital_price_minus10_baseline,market,7,v0.4-local-sensitivity-1-capital_price_minus10,4.781284414529008,2918.682731170952,False
f081b4299c81c3b8626a75f5,local_capital_price_minus10_baseline,market,8,v0.4-local-sensitivity-1-capital_price_minus10,1.2459373067176567,3019.624998517031,False
83f2090e306d77ce7cff64e6,local_capital_price_minus10_baseline,market,9,v0.4-local-sensitivity-1-capital_price_minus10,6.743635672609316,2816.015226007179,False
8825a3b09058825268bf1944,local_capital_price_minus10_shock,administered,0,v0.4-local-sensitivity-1-capital_price_minus10,15.223796466456367,2983.8954462323336,True
323de7e370aab66b442e3640,local_capital_price_minus10_shock,administered,1,v0.4-local-sensitivity-1-capital_price_minus10,20.17639726065905,2752.5777325821323,True
31c4ef5d9946e4a9186de03c,local_capital_price_minus10_shock,administered,2,v0.4-local-sensitivity-1-capital_price_minus10,12.207817469047113,3175.434551867053,True
27be390227e57be37ae0a63c,local_capital_price_minus10_shock,administered,3,v0.4-local-sensitivity-1-capital_price_minus10,13.491164899302131,2981.489550666649,True
9167e1f9429628e8abf5db52,local_capital_price_minus10_shock,administered,4,v0.4-local-sensitivity-1-capital_price_minus10,1.713163796736778,3021.658449993234,True
e934c42a597f5d1f0c6faff0,local_capital_price_minus10_shock,administered,5,v0.4-local-sensitivity-1-capital_price_minus10,28.567006310585768,3023.4776242973417,True
965a0941495e5fab17233eea,local_capital_price_minus10_shock,administered,6,v0.4-local-sensitivity-1-capital_price_minus10,15.593684104388174,2942.9099381837887,True
eff67e3fde3a479a1c03e800,local_capital_price_minus10_shock,administered,7,v0.4-local-sensitivity-1-capital_price_minus10,10.719591433693626,2934.5106479149485,True
66560313cd2ade37aeb68e31,local_capital_price_minus10_shock,administered,8,v0.4-local-sensitivity-1-capital_price_minus10,2.024648123416192,3022.3405436246367,True
eeb1ec4b88aedf693fcdf636,local_capital_price_minus10_shock,administered,9,v0.4-local-sensitivity-1-capital_price_minus10,17.261131487845685,2873.293113567023,True
980aed4b304e2ab1286c17df,local_capital_price_minus10_shock,market,0,v0.4-local-sensitivity-1-capital_price_minus10,7.491198056639909,2971.1770484822064,True
f555e2cebce6b6088f8049ac,local_capital_price_minus10_shock,market,1,v0.4-local-sensitivity-1-capital_price_minus10,14.920099247943938,2747.683865540097,True
3016db1d4136dfe0a654c4bb,local_capital_price_minus10_shock,market,2,v0.4-local-sensitivity-1-capital_price_minus10,5.388678851553866,3162.5264301659727,True
17d3c27795cbb94d2d9194b4,local_capital_price_minus10_shock,market,3,v0.4-local-sensitivity-1-capital_price_minus10,9.667694789312314,2973.1394265077456,True
ce9299c6351f51598633382b,local_capital_price_minus10_shock,market,4,v0.4-local-sensitivity-1-capital_price_minus10,0.38935540834926763,3020.202812576657,True
451317d72d0eb23b9d5ca746,local_capital_price_minus10_shock,market,5,v0.4-local-sensitivity-1-capital_price_minus10,21.430121675543695,3015.5503455433864,True
73e8b540255b382a8a200e9e,local_capital_price_minus10_shock,market,6,v0.4-local-sensitivity-1-capital_price_minus10,9.126490771706836,2929.791463365343,True
de69cf11d7634855fcb1c70f,local_capital_price_minus10_shock,market,7,v0.4-local-sensitivity-1-capital_price_minus10,6.307557615258138,2926.0370849351984,True
308e1022e10882ea087b208f,local_capital_price_minus10_shock,market,8,v0.4-local-sensitivity-1-capital_price_minus10,1.3238083883875102,3019.761105653229,True
837df135f6563d4015659f42,local_capital_price_minus10_shock,market,9,v0.4-local-sensitivity-1-capital_price_minus10,11.46651677588593,2863.906078985774,True
3a88bbe7a892fe2ed46844cd,local_capital_price_plus10_baseline,administered,0,v0.4-local-sensitivity-1-capital_price_plus10,5.606717880229454,2896.783496075542,False
d99691d2fae25ab565182946,local_capital_price_plus10_baseline,administered,1,v0.4-local-sensitivity-1-capital_price_plus10,10.822246195218883,2818.6821988485935,False
3f093e1279d5ed2550b40f93,local_capital_price_plus10_baseline,administered,2,v0.4-local-sensitivity-1-capital_price_plus10,12.147888740497153,2631.391239304181,False
9eb5f85c6b473a17a072ee02,local_capital_price_plus10_baseline,administered,3,v0.4-local-sensitivity-1-capital_price_plus10,5.918202206908868,3065.728578997256,False
b2a1b78451f7c99a97ff1e7f,local_capital_price_plus10_baseline,administered,4,v0.4-local-sensitivity-1-capital_price_plus10,6.837468577708031,3034.9239309128034,False
ef3c52c837f1f6be11f43d77,local_capital_price_plus10_baseline,administered,5,v0.4-local-sensitivity-1-capital_price_plus10,14.406150108922908,2460.7510552253725,False
02e11334270812d803da36f3,local_capital_price_plus10_baseline,administered,6,v0.4-local-sensitivity-1-capital_price_plus10,7.475623840305937,2934.689513080207,False
02d28002a95d2d68c00456ff,local_capital_price_plus10_baseline,administered,7,v0.4-local-sensitivity-1-capital_price_plus10,4.983749226870628,2803.251314084262,False
e953e5505f45899ae651c4b6,local_capital_price_plus10_baseline,administered,8,v0.4-local-sensitivity-1-capital_price_plus10,15.729958497310419,3001.520503569613,False
6a1f7e118a223945d62e3f31,local_capital_price_plus10_baseline,administered,9,v0.4-local-sensitivity-1-capital_price_plus10,11.914275495487594,2995.1119991194323,False
7755893960f89525be184704,local_capital_price_plus10_baseline,market,0,v0.4-local-sensitivity-1-capital_price_plus10,1.2459373067176567,2886.8884487054374,False
d540e4ec4fae5f1b45ef99e7,local_capital_price_plus10_baseline,market,1,v0.4-local-sensitivity-1-capital_price_plus10,5.201788255546218,2811.2341366187616,False
94815adfc6439adb49c92e78,local_capital_price_plus10_baseline,market,2,v0.4-local-sensitivity-1-capital_price_plus10,5.980499072244751,2625.2458183620884,False
1ced91ae58856016f54a2b55,local_capital_price_plus10_baseline,market,3,v0.4-local-sensitivity-1-capital_price_plus10,1.7910348784066317,3053.0562078268035,False
b9d6a2dbffdbf866447f3e72,local_capital_price_plus10_baseline,market,4,v0.4-local-sensitivity-1-capital_price_plus10,1.868905960076485,3025.9799168074646,False
d2e1ca56b8cb06930fd6cbdb,local_capital_price_plus10_baseline,market,5,v0.4-local-sensitivity-1-capital_price_plus10,7.506772272973881,2455.2989905602717,False
a39e7ecbdc945a498dc27fc0,local_capital_price_plus10_baseline,market,6,v0.4-local-sensitivity-1-capital_price_plus10,4.60996803485533,2928.5797952649427,False
213aec19248e38228d723227,local_capital_price_plus10_baseline,market,7,v0.4-local-sensitivity-1-capital_price_plus10,1.9312028254123679,2799.2971965927454,False
7e37405c3e375b70b59432cf,local_capital_price_plus10_baseline,market,8,v0.4-local-sensitivity-1-capital_price_plus10,7.288733244298291,2990.4254169016976,False
1f42372649cf0adebdef404e,local_capital_price_plus10_baseline,market,9,v0.4-local-sensitivity-1-capital_price_plus10,4.6099680348553305,2982.8882332249477,False
d5e3edd733f5a2490a309188,local_capital_price_plus10_shock,administered,0,v0.4-local-sensitivity-1-capital_price_plus10,7.94162773502433,2903.90138656199,True
6b26b2e1c98af519819ac2eb,local_capital_price_plus10_shock,administered,1,v0.4-local-sensitivity-1-capital_price_plus10,15.640278942406624,2876.5195255994677,True
f461af78bcec09c97b485312,local_capital_price_plus10_shock,administered,2,v0.4-local-sensitivity-1-capital_price_plus10,17.462590064464656,2726.123566183977,True
4e4d8c98d2b2114761f08cd5,local_capital_price_plus10_shock,administered,3,v0.4-local-sensitivity-1-capital_price_plus10,10.863015892944569,3078.113373310248,True
5b133a5df1d72dc26acd2bb3,local_capital_price_plus10_shock,administered,4,v0.4-local-sensitivity-1-capital_price_plus10,8.994109932868083,3040.5700720756117,True
8e7b025621847a00a91a15c1,local_capital_price_plus10_shock,administered,5,v0.4-local-sensitivity-1-capital_price_plus10,21.519673419464016,2621.281845722424,True
db048c4ea92d8bdaac48f426,local_capital_price_plus10_shock,administered,6,v0.4-local-sensitivity-1-capital_price_plus10,11.68066225047803,2972.995502036821,True
6d9fefa7e6a73a2828c9e5e0,local_capital_price_plus10_shock,administered,7,v0.4-local-sensitivity-1-capital_price_plus10,5.295233553550042,2803.635598194985,True
3ea76b84f8fa2b621ba47757,local_capital_price_plus10_shock,administered,8,v0.4-local-sensitivity-1-capital_price_plus10,20.754554648188474,3019.3178027845984,True
f90cd12b7efb5be6ce75085d,local_capital_price_plus10_shock,administered,9,v0.4-local-sensitivity-1-capital_price_plus10,18.486010367997867,3022.40847773964,True
84fa6d112ba30ebc9ef2070b,local_capital_price_plus10_shock,market,0,v0.4-local-sensitivity-1-capital_price_plus10,3.367924282221166,2893.9587508619124,True
801fd8bc74de3bb57fd155f9,local_capital_price_plus10_shock,market,1,v0.4-local-sensitivity-1-capital_price_plus10,9.800075628151069,2867.477798344887,True
68242c1abda5fb41821c1d41,local_capital_price_plus10_shock,market,2,v0.4-local-sensitivity-1-capital_price_plus10,9.593717261725958,2716.812281360084,True
94d5899a448404f181b33478,local_capital_price_plus10_shock,market,3,v0.4-local-sensitivity-1-capital_price_plus10,5.17842693104526,3064.117074243511,True
4216662883e38af608f9a2e6,local_capital_price_plus10_shock,market,4,v0.4-local-sensitivity-1-capital_price_plus10,5.108342957542392,3033.162484546135,True
a9026105b23f714cfeb1fdc8,local_capital_price_plus10_shock,market,5,v0.4-local-sensitivity-1-capital_price_plus10,14.254301499666687,2615.10515699785,True
e43b8d5a2dcc69450274bd52,local_capital_price_plus10_shock,market,6,v0.4-local-sensitivity-1-capital_price_plus10,7.561282030142777,2965.2516647766365,True
599f35c8314473d7be50b9dc,local_capital_price_plus10_shock,market,7,v0.4-local-sensitivity-1-capital_price_plus10,3.387392052638629,2800.992103251689,True
9862f7f0516771ebfa10c9c2,local_capital_price_plus10_shock,market,8,v0.4-local-sensitivity-1-capital_price_plus10,12.868196245943297,3008.677610434661,True
5541fb9714380d685c06fae2,local_capital_price_plus10_shock,market,9,v0.4-local-sensitivity-1-capital_price_plus10,10.944780528697915,3010.1157255445346,True
2ec534d904bf684cd2df8545,local_investment_share_minus10_baseline,administered,0,v0.4-local-sensitivity-1-investment_share_minus10,8.81500644502742,2889.0358235031676,False
8d90523c7f86537c04f4c89e,local_investment_share_minus10_baseline,administered,1,v0.4-local-sensitivity-1-investment_share_minus10,7.678088652647559,2989.872182845696,False
30ca13ebabd751a27d6d3693,local_investment_share_minus10_baseline,administered,2,v0.4-local-sensitivity-1-investment_share_minus10,6.229686533588283,3059.027689534342,False
16c15c15fe3ecef444ada16d,local_investment_share_minus10_baseline,administered,3,v0.4-local-sensitivity-1-investment_share_minus10,9.8896273720714,2924.677599183537,False
5b893127cd70ec99e2da1999,local_investment_share_minus10_baseline,administered,4,v0.4-local-sensitivity-1-investment_share_minus10,1.2459373067176567,2998.317858999857,False
0ac93331817a8b2c2631fa7f,local_investment_share_minus10_baseline,administered,5,v0.4-local-sensitivity-1-investment_share_minus10,12.661837879518188,2845.8289980331015,False
6d7eb3deb880e327b29bf0f5,local_investment_share_minus10_baseline,administered,6,v0.4-local-sensitivity-1-investment_share_minus10,11.83986552305123,2913.769194865596,False
288f2f4540c8bf3cc9dcb1ae,local_investment_share_minus10_baseline,administered,7,v0.4-local-sensitivity-1-investment_share_minus10,10.036835048981319,2963.6062823646957,False
34993fa45f5f8a05ea1da770,local_investment_share_minus10_baseline,administered,8,v0.4-local-sensitivity-1-investment_share_minus10,11.155756619763283,2891.5722182457293,False
23f62045d9c79f2253609006,local_investment_share_minus10_baseline,administered,9,v0.4-local-sensitivity-1-investment_share_minus10,12.789090616802937,2940.3020881833195,False
24e1797d39e827750015b50d,local_investment_share_minus10_baseline,market,0,v0.4-local-sensitivity-1-investment_share_minus10,1.3549568210554517,2877.034935694673,False
202b7e8a33103b8a359ce014,local_investment_share_minus10_baseline,market,1,v0.4-local-sensitivity-1-investment_share_minus10,3.348456511803703,2982.81521868814,False
0e6eb82c1ca2a800c085f589,local_investment_share_minus10_baseline,market,2,v0.4-local-sensitivity-1-investment_share_minus10,3.737811920152971,3056.068955502066,False
c9bb24b4abbc648f97801709,local_investment_share_minus10_baseline,market,3,v0.4-local-sensitivity-1-investment_share_minus10,4.703413332859154,2916.7925133245694,False
cfbbb9b2df04237f870c8c96,local_investment_share_minus10_baseline,market,4,v0.4-local-sensitivity-1-investment_share_minus10,1.2459373067176567,2997.888042122785,False
c4b36525ae58fe147ad8ce6e,local_investment_share_minus10_baseline,market,5,v0.4-local-sensitivity-1-investment_share_minus10,6.7747841052772575,2840.876310206282,False
b2ab5b1117b5ed9aeb56e5d9,local_investment_share_minus10_baseline,market,6,v0.4-local-sensitivity-1-investment_share_minus10,6.9772489176188754,2904.5740759616497,False
3937551f9e59bc92e2babc72,local_investment_share_minus10_baseline,market,7,v0.4-local-sensitivity-1-investment_share_minus10,5.31080776988401,2957.844596555601,False
2005a82bb289a5e158c39670,local_investment_share_minus10_baseline,market,8,v0.4-local-sensitivity-1-investment_share_minus10,5.887053774240927,2882.900319175758,False
4af3ffe4e30d42508bc0c4f3,local_investment_share_minus10_baseline,market,9,v0.4-local-sensitivity-1-investment_share_minus10,4.750135981861066,2924.1990479580318,False
2d915f1b2b629d079ce9d2c7,local_investment_share_minus10_shock,administered,0,v0.4-local-sensitivity-1-investment_share_minus10,11.832510859734244,2892.367110429849,True
d81dfa5b7fea03dfc2e3193e,local_investment_share_minus10_shock,administered,1,v0.4-local-sensitivity-1-investment_share_minus10,10.03368887316063,2992.7336595838105,True
d795e9f115df375c1e5d363c,local_investment_share_minus10_shock,administered,2,v0.4-local-sensitivity-1-investment_share_minus10,6.9834336984887,3060.0691306813874,True
6914881c0fc284a18c5bcbf7,local_investment_share_minus10_shock,administered,3,v0.4-local-sensitivity-1-investment_share_minus10,12.805945267506804,2947.8175097634517,True
1bd290285223c19f5bc77fff,local_investment_share_minus10_shock,administered,4,v0.4-local-sensitivity-1-investment_share_minus10,1.6936960263193146,2998.844572490368,True
bde6316c38d0b9464cfa6f6d,local_investment_share_minus10_shock,administered,5,v0.4-local-sensitivity-1-investment_share_minus10,18.63065628951246,2956.46450895953,True
41bf8bed6005180513c36adf,local_investment_share_minus10_shock,administered,6,v0.4-local-sensitivity-1-investment_share_minus10,16.92800076824575,2945.1661577856744,True
56250447e432b34811ae27d8,local_investment_share_minus10_shock,administered,7,v0.4-local-sensitivity-1-investment_share_minus10,12.606580744086486,2979.4583507675625,True
17e7940a768ecf1b16347935,local_investment_share_minus10_shock,administered,8,v0.4-local-sensitivity-1-investment_share_minus10,14.609339091821287,2908.8352480687136,True
eb4134778bc4fb3af24b9a8c,local_investment_share_minus10_shock,administered,9,v0.4-local-sensitivity-1-investment_share_minus10,18.377575274085434,2951.975963857266,True
f7b444f7407fb3b0c2501fcd,local_investment_share_minus10_shock,market,0,v0.4-local-sensitivity-1-investment_share_minus10,3.130417483128112,2879.16071914606,True
852488a595f02e45715fe63b,local_investment_share_minus10_shock,market,1,v0.4-local-sensitivity-1-investment_share_minus10,5.672908299648828,2985.7748095465827,True
7c997375694c0087bbab5a41,local_investment_share_minus10_shock,market,2,v0.4-local-sensitivity-1-investment_share_minus10,4.847474833948382,3057.4368584077542,True
8ec2a76d14a1a81415d5694e,local_investment_share_minus10_shock,market,3,v0.4-local-sensitivity-1-investment_share_minus10,7.9895729793269705,2940.7168259234763,True
4ab4744374bfd54d5d7ff2e2,local_investment_share_minus10_shock,market,4,v0.4-local-sensitivity-1-investment_share_minus10,1.3238083883875102,2997.993098337307,True
17be3889863d480aa308d398,local_investment_share_minus10_shock,market,5,v0.4-local-sensitivity-1-investment_share_minus10,12.253014700751455,2949.6150381432944,True
80b696a79829f915a0898edb,local_investment_share_minus10_shock,market,6,v0.4-local-sensitivity-1-investment_share_minus10,10.995396731783316,2934.9241176093224,True
83d63a6620db5f03872af539,local_investment_share_minus10_shock,market,7,v0.4-local-sensitivity-1-investment_share_minus10,7.806575937402815,2974.155957667012,True
b77c086f064bd120e7ca9823,local_investment_share_minus10_shock,market,8,v0.4-local-sensitivity-1-investment_share_minus10,9.733885208731694,2900.0058433339746,True
c24b30275dfeaa4163b0a835,local_investment_share_minus10_shock,market,9,v0.4-local-sensitivity-1-investment_share_minus10,9.079768122704925,2935.640916810269,True
91b917ec1530089b75645cce,local_investment_share_plus10_baseline,administered,0,v0.4-local-sensitivity-1-investment_share_plus10,8.56581898368389,3096.501036319028,False
2ad17f51b19599dde1970849,local_investment_share_plus10_baseline,administered,1,v0.4-local-sensitivity-1-investment_share_plus10,14.297130594585113,2948.3129160653425,False
d257357851e0d3c2fe21f5aa,local_investment_share_plus10_baseline,administered,2,v0.4-local-sensitivity-1-investment_share_plus10,9.811756290401547,2959.0531962225277,False
9b4c0ade304b70fb5e1bd083,local_investment_share_plus10_baseline,administered,3,v0.4-local-sensitivity-1-investment_share_plus10,15.729958497310413,3120.059370886736,False
4c49b91460dd5ff526a2a9de,local_investment_share_plus10_baseline,administered,4,v0.4-local-sensitivity-1-investment_share_plus10,4.874729712532831,2937.2641219129932,False
edf275da49d2d7eca00f6aef,local_investment_share_plus10_baseline,administered,5,v0.4-local-sensitivity-1-investment_share_plus10,14.888950815276,2842.180238836165,False
b1b10111529d5088b9478c4e,local_investment_share_plus10_baseline,administered,6,v0.4-local-sensitivity-1-investment_share_plus10,12.833154259191861,2519.746011646609,False
811ab40e6734843a4dd92edc,local_investment_share_plus10_baseline,administered,7,v0.4-local-sensitivity-1-investment_share_plus10,17.41197386137926,2832.928687296495,False
8933fa6e3add7633bfd859ea,local_investment_share_plus10_baseline,administered,8,v0.4-local-sensitivity-1-investment_share_plus10,15.309454656293209,2988.10628272656,False
302215c207abce9c7e3bb238,local_investment_share_plus10_baseline,administered,9,v0.4-local-sensitivity-1-investment_share_plus10,17.972645649402196,2907.1309465499303,False
c0672178ac8d23ff76a74cd5,local_investment_share_plus10_baseline,market,0,v0.4-local-sensitivity-1-investment_share_plus10,4.049296246832385,3089.320912562101,False
64bb912e1c79db67cc9cf4ff,local_investment_share_plus10_baseline,market,1,v0.4-local-sensitivity-1-investment_share_plus10,6.805932537945198,2937.382879836347,False
837cb3b5cf60e7c30ccc3e1c,local_investment_share_plus10_baseline,market,2,v0.4-local-sensitivity-1-investment_share_plus10,4.220612626506063,2945.863862043396,False
575f9192cabde66aedfe903b,local_investment_share_plus10_baseline,market,3,v0.4-local-sensitivity-1-investment_share_plus10,12.0700176588273,3113.9312364721336,False
ff975abca776d0f29420044e,local_investment_share_plus10_baseline,market,4,v0.4-local-sensitivity-1-investment_share_plus10,0.28033589401147274,2928.4560178561064,False
e0bff36ee28938f77f0e301d,local_investment_share_plus10_baseline,market,5,v0.4-local-sensitivity-1-investment_share_plus10,7.7248113016494715,2829.9945438068,False
332e3fbc975ae0a1aa4f04a3,local_investment_share_plus10_baseline,market,6,v0.4-local-sensitivity-1-investment_share_plus10,6.323131831592107,2517.797037821064,False
e99f12a24797ad8a5e92dc35,local_investment_share_plus10_baseline,market,7,v0.4-local-sensitivity-1-investment_share_plus10,7.304307460632263,2820.1825436673957,False
61a88d6aa59350d2b284372c,local_investment_share_plus10_baseline,market,8,v0.4-local-sensitivity-1-investment_share_plus10,8.97074860836713,2976.849062736042,False
7ecfc03ec82d7f0f822834c8,local_investment_share_plus10_baseline,market,9,v0.4-local-sensitivity-1-investment_share_plus10,10.870803001111556,2901.2212877154275,False
841a1dc9fd5f9ee159591177,local_investment_share_plus10_shock,administered,0,v0.4-local-sensitivity-1-investment_share_plus10,10.454192714177834,3102.181059381761,True
c66be9af47895e3b98044651,local_investment_share_plus10_shock,administered,1,v0.4-local-sensitivity-1-investment_share_plus10,16.83962141110583,2950.886047740353,True
d0744d338f055098fcc33dc3,local_investment_share_plus10_shock,administered,2,v0.4-local-sensitivity-1-investment_share_plus10,14.247476160644288,2977.448868679651,True
2b5e94466d558ee4cb8c4fce,local_investment_share_plus10_shock,administered,3,v0.4-local-sensitivity-1-investment_share_plus10,18.41651081492036,3124.2277715256387,True
454487de7ed14b5bb56a771e,local_investment_share_plus10_shock,administered,4,v0.4-local-sensitivity-1-investment_share_plus10,10.597590890771533,2977.1299803497964,True
894bb7c20ca7407936f0fe1e,local_investment_share_plus10_shock,administered,5,v0.4-local-sensitivity-1-investment_share_plus10,20.278134927916174,2867.9846167308433,True
042277e66c4903b32e5dbcf4,local_investment_share_plus10_shock,administered,6,v0.4-local-sensitivity-1-investment_share_plus10,19.439078500142145,2713.2516141366737,True
2cdad3dcb5d57988d0ef1b73,local_investment_share_plus10_shock,administered,7,v0.4-local-sensitivity-1-investment_share_plus10,23.828550990975177,2874.3957648447554,True
2eddacc6ce59b026bc5e2b47,local_investment_share_plus10_shock,administered,8,v0.4-local-sensitivity-1-investment_share_plus10,19.026111232596428,2996.1770979578814,True
e89ff5991c1ad5758bab59ab,local_investment_share_plus10_shock,administered,9,v0.4-local-sensitivity-1-investment_share_plus10,24.093312668652683,2986.638013545099,True
5e5c1c85c105403cc340b049,local_investment_share_plus10_shock,market,0,v0.4-local-sensitivity-1-investment_share_plus10,6.80982609202869,3096.2419796082054,True
bc05edd7f1d0cd5b09f996e3,local_investment_share_plus10_shock,market,1,v0.4-local-sensitivity-1-investment_share_plus10,10.699486621437877,2942.3176672332597,True
7d8053b240c35837dfaf5eeb,local_investment_share_plus10_shock,market,2,v0.4-local-sensitivity-1-investment_share_plus10,7.8299372619037735,2963.5753892897587,True
525c91cba657cd0ffa664f2b,local_investment_share_plus10_shock,market,3,v0.4-local-sensitivity-1-investment_share_plus10,14.678698894767388,3118.2111894841987,True
d34d27f6265caf2a0f89dc26,local_investment_share_plus10_shock,market,4,v0.4-local-sensitivity-1-investment_share_plus10,3.7676430265368572,2964.7741285448187,True
08645a704243876589c2c13d,local_investment_share_plus10_shock,market,5,v0.4-local-sensitivity-1-investment_share_plus10,12.350353552838769,2855.110838415875,True
a92bbd2f1724829dc76914fc,local_investment_share_plus10_shock,market,6,v0.4-local-sensitivity-1-investment_share_plus10,12.46326662126006,2708.762469806182,True
c39fa235a5dc90813728ba1d,local_investment_share_plus10_shock,market,7,v0.4-local-sensitivity-1-investment_share_plus10,13.919455848486317,2862.0356329448005,True
8a999afcbfeeabb2b7ad1d23,local_investment_share_plus10_shock,market,8,v0.4-local-sensitivity-1-investment_share_plus10,13.514526223803081,2985.9054003342167,True
ec3826391c2e932768c3bf0f,local_investment_share_plus10_shock,market,9,v0.4-local-sensitivity-1-investment_share_plus10,17.39250609096179,2980.3326544587917,True
dfe6127afd26e73d2449dee4,local_liquidity_price_minus10_baseline,administered,0,v0.4-local-sensitivity-1-liquidity_price_minus10,16.39964979967116,2869.2956990986845,False
7e2d501240ea23ecdf7914dc,local_liquidity_price_minus10_baseline,administered,1,v0.4-local-sensitivity-1-liquidity_price_minus10,5.9960732885787245,2986.2695798595996,False
d96733f28e7e2f254d5004cb,local_liquidity_price_minus10_baseline,administered,2,v0.4-local-sensitivity-1-liquidity_price_minus10,10.092092184413021,2945.761120957728,False
72e0a2e14275acb68e23551b,local_liquidity_price_minus10_baseline,administered,3,v0.4-local-sensitivity-1-liquidity_price_minus10,10.092092184413017,3003.586325608676,False
d296f30e6ae4099ed086e51d,local_liquidity_price_minus10_baseline,administered,4,v0.4-local-sensitivity-1-liquidity_price_minus10,5.139491390210333,2928.097311753759,False
4602c77645934dc27576bcee,local_liquidity_price_minus10_baseline,administered,5,v0.4-local-sensitivity-1-liquidity_price_minus10,15.854552227982186,2812.594055289332,False
6910d240d912787a4438ebbb,local_liquidity_price_minus10_baseline,administered,6,v0.4-local-sensitivity-1-liquidity_price_minus10,13.78318145556408,2969.1592932231215,False
a11e4169a9db3b3236045fd2,local_liquidity_price_minus10_baseline,administered,7,v0.4-local-sensitivity-1-liquidity_price_minus10,2.3049840174276652,3142.265161558246,False
ea188ade797ecd1c1744c8c6,local_liquidity_price_minus10_baseline,administered,8,v0.4-local-sensitivity-1-liquidity_price_minus10,9.188787637042719,3008.0728512568635,False
a174404497e2e6b9e4f5d66f,local_liquidity_price_minus10_baseline,administered,9,v0.4-local-sensitivity-1-liquidity_price_minus10,6.365179730707027,3011.1922676173876,False
9ea2b74290acf860f7e4d97d,local_liquidity_price_minus10_baseline,market,0,v0.4-local-sensitivity-1-liquidity_price_minus10,8.363354171342271,2860.819180077878,False
f93e749ad0ad9c10659ccd65,local_liquidity_price_minus10_baseline,market,1,v0.4-local-sensitivity-1-liquidity_price_minus10,2.320558233761636,2975.9962012105666,False
b8c86d071e84068fc5aa26ea,local_liquidity_price_minus10_baseline,market,2,v0.4-local-sensitivity-1-liquidity_price_minus10,4.454225871515622,2937.1775382660526,False
e9fc6ef0248d293ede7a4263,local_liquidity_price_minus10_baseline,market,3,v0.4-local-sensitivity-1-liquidity_price_minus10,5.887053774240929,2996.404359101544,False
759ba72fb0aa6b781609f664,local_liquidity_price_minus10_baseline,market,4,v0.4-local-sensitivity-1-liquidity_price_minus10,2.4918746134353134,2918.5423816099224,False
a6c21bd409e8e668b71174db,local_liquidity_price_minus10_baseline,market,5,v0.4-local-sensitivity-1-liquidity_price_minus10,10.450299160094344,2807.5017512000622,False
251d785fe358466334a5918c,local_liquidity_price_minus10_baseline,market,6,v0.4-local-sensitivity-1-liquidity_price_minus10,5.653440529231369,2952.4559065899443,False
362f6ac1ef74815ad4ed5d88,local_liquidity_price_minus10_baseline,market,7,v0.4-local-sensitivity-1-liquidity_price_minus10,0.0,3137.929527666148,False
7729d737379bc9cb09858879,local_liquidity_price_minus10_baseline,market,8,v0.4-local-sensitivity-1-liquidity_price_minus10,1.2459373067176567,2996.59935585599,False
1cab2faad620fb083af54e41,local_liquidity_price_minus10_baseline,market,9,v0.4-local-sensitivity-1-liquidity_price_minus10,1.6975895804028072,3002.465491530475,False
4b90e58b97267695e83546b6,local_liquidity_price_minus10_shock,administered,0,v0.4-local-sensitivity-1-liquidity_price_minus10,20.32239074172787,2905.4848775218193,True
512830a1f3a9ed58aa43d33f,local_liquidity_price_minus10_shock,administered,1,v0.4-local-sensitivity-1-liquidity_price_minus10,7.94285033032506,2988.869920808171,True
58761fbf2b7af0babf869ca4,local_liquidity_price_minus10_shock,administered,2,v0.4-local-sensitivity-1-liquidity_price_minus10,11.41766406457719,2947.3788315486836,True
022705d583022d35e397c57b,local_liquidity_price_minus10_shock,administered,3,v0.4-local-sensitivity-1-liquidity_price_minus10,14.12849064080764,3013.9681417670176,True
929323fabce14cb88c30e22d,local_liquidity_price_minus10_shock,administered,4,v0.4-local-sensitivity-1-liquidity_price_minus10,8.020732282588682,2933.977450894337,True
6cd2e53b43b99031735be850,local_liquidity_price_minus10_shock,administered,5,v0.4-local-sensitivity-1-liquidity_price_minus10,20.519030020006408,2879.5817144928283,True
531f26693781afef2cf939ff,local_liquidity_price_minus10_shock,administered,6,v0.4-local-sensitivity-1-liquidity_price_minus10,20.441158938336546,2979.4849024132614,True
4f25c04095e533fd6bc3842e,local_liquidity_price_minus10_shock,administered,7,v0.4-local-sensitivity-1-liquidity_price_minus10,3.7948304541726534,3143.8273227633526,True
9b3d1a0a52ffbd49de5a12a4,local_liquidity_price_minus10_shock,administered,8,v0.4-local-sensitivity-1-liquidity_price_minus10,11.505452316720863,3011.283856835149,True
0185a853bd73f5f45d23bf2a,local_liquidity_price_minus10_shock,administered,9,v0.4-local-sensitivity-1-liquidity_price_minus10,9.033045473703009,3017.164506562056,True
35f57c935bd623ace07ab5bd,local_liquidity_price_minus10_shock,market,0,v0.4-local-sensitivity-1-liquidity_price_minus10,13.62743929222437,2897.9971783892865,True
d1c0f43b5937bb4cfcbd7177,local_liquidity_price_minus10_shock,market,1,v0.4-local-sensitivity-1-liquidity_price_minus10,4.777390860445515,2979.230881262183,True
29d38b03141ac287021f11d0,local_liquidity_price_minus10_shock,market,2,v0.4-local-sensitivity-1-liquidity_price_minus10,7.425007637220536,2941.0579039890267,True
62cc5be062e6ac64b256628d,local_liquidity_price_minus10_shock,market,3,v0.4-local-sensitivity-1-liquidity_price_minus10,8.97074860836713,3006.1165997756707,True
d675cc72474f84fcbee39044,local_liquidity_price_minus10_shock,market,4,v0.4-local-sensitivity-1-liquidity_price_minus10,3.893554083492677,2922.962199159574,True
0aee03fe875e443e5ab5ce9d,local_liquidity_price_minus10_shock,market,5,v0.4-local-sensitivity-1-liquidity_price_minus10,15.106989843951585,2873.806334053009,True
779b33160cd622ed5bd78222,local_liquidity_price_minus10_shock,market,6,v0.4-local-sensitivity-1-liquidity_price_minus10,10.060943751745075,2960.7767560219763,True
1fb45ffa09f2594d99fecfa6,local_liquidity_price_minus10_shock,market,7,v0.4-local-sensitivity-1-liquidity_price_minus10,0.3504198675143409,3138.436715295088,True
cd948d1df7ae947046313c4a,local_liquidity_price_minus10_shock,market,8,v0.4-local-sensitivity-1-liquidity_price_minus10,4.08823178766731,3001.1235586503512,True
fb65259d2a79365e4cd9c74f,local_liquidity_price_minus10_shock,market,9,v0.4-local-sensitivity-1-liquidity_price_minus10,5.5288467985595995,3010.265219092494,True
f392cff94888664e834b8ea8,local_liquidity_price_plus10_baseline,administered,0,v0.4-local-sensitivity-1-liquidity_price_plus10,15.77668114631233,2931.60483490084,False
afec0cc6b921bf1cc6a5df70,local_liquidity_price_plus10_baseline,administered,1,v0.4-local-sensitivity-1-liquidity_price_plus10,12.988896422531573,3055.488060469338,False
8cae94473cc7774d66d259eb,local_liquidity_price_plus10_baseline,administered,2,v0.4-local-sensitivity-1-liquidity_price_plus10,16.59935460785744,2819.0361435295567,False
b41e7e8d77491ea025a99939,local_liquidity_price_plus10_baseline,administered,3,v0.4-local-sensitivity-1-liquidity_price_plus10,11.524920087138325,3105.0435492711413,False
10c3def080d3e56116e2d4ec,local_liquidity_price_plus10_baseline,administered,4,v0.4-local-sensitivity-1-liquidity_price_plus10,12.895451124527746,3118.7828466766996,False
22a092b6f2e682423606082f,local_liquidity_price_plus10_baseline,administered,5,v0.4-local-sensitivity-1-liquidity_price_plus10,12.973322206197604,2970.0705693261875,False
5e20df750534640c60987f71,local_liquidity_price_plus10_baseline,administered,6,v0.4-local-sensitivity-1-liquidity_price_plus10,3.737811920152971,3054.459942040107,False
1f390aec47d0923dcaf9af0c,local_liquidity_price_plus10_baseline,administered,7,v0.4-local-sensitivity-1-liquidity_price_plus10,9.967498453741253,2789.167865363324,False
0b0878e7a5850c12ec878d74,local_liquidity_price_plus10_baseline,administered,8,v0.4-local-sensitivity-1-liquidity_price_plus10,13.985646267905699,2881.722421415858,False
f34c31c30931103080b407cf,local_liquidity_price_plus10_baseline,administered,9,v0.4-local-sensitivity-1-liquidity_price_plus10,12.692986312186129,2971.0832846650305,False
1e1cb774bb01562f8ec86c1a,local_liquidity_price_plus10_baseline,market,0,v0.4-local-sensitivity-1-liquidity_price_plus10,8.456799469346096,2922.7088410958095,False
d418112ad90811e114375b46,local_liquidity_price_plus10_baseline,market,1,v0.4-local-sensitivity-1-liquidity_price_plus10,7.351030109634175,3047.3875545295086,False
95735c9fc27a09d0063ef808,local_liquidity_price_plus10_baseline,market,2,v0.4-local-sensitivity-1-liquidity_price_plus10,8.051869844662857,2807.472979262256,False
b99b3376de8f1a9fb5ecd895,local_liquidity_price_plus10_baseline,market,3,v0.4-local-sensitivity-1-liquidity_price_plus10,4.609968034855329,3094.9462981958054,False
32759d023cb7e45677a2c268,local_liquidity_price_plus10_baseline,market,4,v0.4-local-sensitivity-1-liquidity_price_plus10,9.50027196372213,3112.9332375621693,False
be8db84d3f46204683d8321f,local_liquidity_price_plus10_baseline,market,5,v0.4-local-sensitivity-1-liquidity_price_plus10,7.02397156662079,2963.2750769087725,False
7c9c760aba80ec71d6082051,local_liquidity_price_plus10_baseline,market,6,v0.4-local-sensitivity-1-liquidity_price_plus10,0.747562384030594,3049.616081456914,False
6aac50d4e75c4837d1143c49,local_liquidity_price_plus10_baseline,market,7,v0.4-local-sensitivity-1-liquidity_price_plus10,1.3238083883875102,2775.067679911269,False
c4816d229652e48a0adb41c0,local_liquidity_price_plus10_baseline,market,8,v0.4-local-sensitivity-1-liquidity_price_plus10,6.6969130236074035,2871.7096206307942,False
afdc838dbcd7ab72142fab50,local_liquidity_price_plus10_baseline,market,9,v0.4-local-sensitivity-1-liquidity_price_plus10,5.793608476237103,2961.6702771344653,False
41b1fbf81690f813c0d72ad0,local_liquidity_price_plus10_shock,administered,0,v0.4-local-sensitivity-1-liquidity_price_plus10,20.448946046503536,2970.218720546399,True
405eda2dee55536c3ca2612a,local_liquidity_price_plus10_shock,administered,1,v0.4-local-sensitivity-1-liquidity_price_plus10,15.173180263370964,3060.4849291052547,True
2bc7e783aa12cb0229c2cf5f,local_liquidity_price_plus10_shock,administered,2,v0.4-local-sensitivity-1-liquidity_price_plus10,22.742249401680724,2850.020058360192,True
ea04d22abf8d04fa61305e9f,local_liquidity_price_plus10_shock,administered,3,v0.4-local-sensitivity-1-liquidity_price_plus10,16.711134126350572,3138.5239022171677,True
3f5adcc8c56f249dc7ac7ca3,local_liquidity_price_plus10_shock,administered,4,v0.4-local-sensitivity-1-liquidity_price_plus10,15.379538629796073,3123.164086005827,True
16418ebaf5c4234240a4c330,local_liquidity_price_plus10_shock,administered,5,v0.4-local-sensitivity-1-liquidity_price_plus10,16.251694744498433,3013.1301549947457,True
903712cf6055ac7b27555ec7,local_liquidity_price_plus10_shock,administered,6,v0.4-local-sensitivity-1-liquidity_price_plus10,4.555458277686432,3055.5139699872816,True
6f82a7f931e357ae68db8dd4,local_liquidity_price_plus10_shock,administered,7,v0.4-local-sensitivity-1-liquidity_price_plus10,14.219259512915254,2798.3201014540555,True
3cf331e2291cb4e56fa66ae5,local_liquidity_price_plus10_shock,administered,8,v0.4-local-sensitivity-1-liquidity_price_plus10,19.055053684613164,2919.3433426888787,True
9bbb71fb43cc6b62fcba660a,local_liquidity_price_plus10_shock,administered,9,v0.4-local-sensitivity-1-liquidity_price_plus10,16.86687628969027,2994.336661443506,True
464aaf622fb5ab3d22ea2674,local_liquidity_price_plus10_shock,market,0,v0.4-local-sensitivity-1-liquidity_price_plus10,14.324385473169556,2962.164300781386,True
4bd663ae1dcbf40e0779901e,local_liquidity_price_plus10_shock,market,1,v0.4-local-sensitivity-1-liquidity_price_plus10,11.217329314542402,3054.2968360994473,True
fb6843bf4a9886c337215fff,local_liquidity_price_plus10_shock,market,2,v0.4-local-sensitivity-1-liquidity_price_plus10,14.31659836500257,2838.6984194283177,True
761777c984c1c3ed981acb08,local_liquidity_price_plus10_shock,market,3,v0.4-local-sensitivity-1-liquidity_price_plus10,10.664444634686443,3129.3355829629836,True
f7f3b429a2db8fb113dec890,local_liquidity_price_plus10_shock,market,4,v0.4-local-sensitivity-1-liquidity_price_plus10,11.805255981149799,3116.929009004258,True
9d8565e1acf60e9d22864854,local_liquidity_price_plus10_shock,market,5,v0.4-local-sensitivity-1-liquidity_price_plus10,11.493771654470377,3006.3263009214907,True
53db4f04faa6b1b29c8488a4,local_liquidity_price_plus10_shock,market,6,v0.4-local-sensitivity-1-liquidity_price_plus10,1.8689059600764852,3051.0389751747207,True
1c5c75f1d3452e8a8e2972dc,local_liquidity_price_plus10_shock,market,7,v0.4-local-sensitivity-1-liquidity_price_plus10,5.0304718758725375,2784.2325342447334,True
1451f187266a3699f312ce0e,local_liquidity_price_plus10_shock,market,8,v0.4-local-sensitivity-1-liquidity_price_plus10,12.132314524163178,2908.9340337140006,True
b4c92aa0f4832ae1d9118b94,local_liquidity_price_plus10_shock,market,9,v0.4-local-sensitivity-1-liquidity_price_plus10,10.022008210910151,2985.4422030046444,True
1c12a27903ad3cc8fb6dbed4,local_production_alpha_minus10_baseline,administered,0,v0.4-local-sensitivity-1-production_alpha_minus10,6.541170860267698,2720.601148899923,False
eefc1a441ccde2daacb9b09f,local_production_alpha_minus10_baseline,administered,1,v0.4-local-sensitivity-1-production_alpha_minus10,3.130417483128113,2932.324365573339,False
e80e72f0d9485b4a9d7c3621,local_production_alpha_minus10_baseline,administered,2,v0.4-local-sensitivity-1-production_alpha_minus10,6.587893509269608,2893.2307567391063,False
c37d489fe1ec47385c725cd4,local_production_alpha_minus10_baseline,administered,3,v0.4-local-sensitivity-1-production_alpha_minus10,17.14721218370175,2723.2097275129645,False
d26975c86b37fd4bf9fa22e1,local_production_alpha_minus10_baseline,administered,4,v0.4-local-sensitivity-1-production_alpha_minus10,17.69230975539073,2565.623329537042,False
ab05edc4e6a7bca1a4a8cbd1,local_production_alpha_minus10_baseline,administered,5,v0.4-local-sensitivity-1-production_alpha_minus10,15.652087415640567,2767.821441935555,False
bba631f608878457bc461501,local_production_alpha_minus10_baseline,administered,6,v0.4-local-sensitivity-1-production_alpha_minus10,10.901951433779494,2643.5477031969267,False
599dc22f17c3c7cdcda417de,local_production_alpha_minus10_baseline,administered,7,v0.4-local-sensitivity-1-production_alpha_minus10,17.91034878406632,2693.1425269577016,False
c54805d8ad1cbd2774ecae4f,local_production_alpha_minus10_baseline,administered,8,v0.4-local-sensitivity-1-production_alpha_minus10,6.073944370248578,2789.8203657892154,False
f20d1b62e3e875f56c41054c,local_production_alpha_minus10_baseline,administered,9,v0.4-local-sensitivity-1-production_alpha_minus10,9.307604488621715,3031.0540895158474,False
4adc477fdde9c80e98df5562,local_production_alpha_minus10_baseline,market,0,v0.4-local-sensitivity-1-production_alpha_minus10,1.9156286090783972,2713.869035781047,False
c941cb7d41392ef0f8a15020,local_production_alpha_minus10_baseline,market,1,v0.4-local-sensitivity-1-production_alpha_minus10,1.2459373067176567,2927.2601116612536,False
4f72881c66763ba4b097bd74,local_production_alpha_minus10_baseline,market,2,v0.4-local-sensitivity-1-production_alpha_minus10,3.348456511803703,2888.7587626214204,False
f2757cd9e5a31da38c243712,local_production_alpha_minus10_baseline,market,3,v0.4-local-sensitivity-1-production_alpha_minus10,10.419150727426405,2717.4939308543417,False
1a48ccb26ba464d83d017304,local_production_alpha_minus10_baseline,market,4,v0.4-local-sensitivity-1-production_alpha_minus10,10.450299160094348,2559.0399805449842,False
eedf81d79dedee74ee30688e,local_production_alpha_minus10_baseline,market,5,v0.4-local-sensitivity-1-production_alpha_minus10,9.827330506735516,2763.1101065496327,False
a8dc4a783103838354458c0e,local_production_alpha_minus10_baseline,market,6,v0.4-local-sensitivity-1-production_alpha_minus10,7.179713729960495,2637.64451816242,False
76a9641eed2cc487bdb50367,local_production_alpha_minus10_baseline,market,7,v0.4-local-sensitivity-1-production_alpha_minus10,5.778034259903134,2677.8129925499693,False
4dd0eaf8f72d16590c43f9cb,local_production_alpha_minus10_baseline,market,8,v0.4-local-sensitivity-1-production_alpha_minus10,2.1803902867558995,2783.5591893257206,False
07f150ef3a3042d209fd90c1,local_production_alpha_minus10_baseline,market,9,v0.4-local-sensitivity-1-production_alpha_minus10,6.4788739949318135,3025.643040183907,False
52f65b5fefb1fa67e60b5566,local_production_alpha_minus10_shock,administered,0,v0.4-local-sensitivity-1-production_alpha_minus10,11.601560114207532,2770.3385538316356,True
1cc298b1f0df6500b3640aed,local_production_alpha_minus10_shock,administered,1,v0.4-local-sensitivity-1-production_alpha_minus10,4.232293288756541,2933.732739575795,True
6fbbc3ec5322b320762ecccf,local_production_alpha_minus10_shock,administered,2,v0.4-local-sensitivity-1-production_alpha_minus10,7.728704855732961,2895.8600166219017,True
8d8a6ef968870e02a376c125,local_production_alpha_minus10_shock,administered,3,v0.4-local-sensitivity-1-production_alpha_minus10,21.475312592412624,2771.982017097176,True
3de08adae9822855b3c9e1d3,local_production_alpha_minus10_shock,administered,4,v0.4-local-sensitivity-1-production_alpha_minus10,23.680595935802465,2648.514194869756,True
2b66210aecb300e5700516dd,local_production_alpha_minus10_shock,administered,5,v0.4-local-sensitivity-1-production_alpha_minus10,19.79872251456026,2823.1562212241865,True
c7a4fd55bcfdf21e90cbe937,local_production_alpha_minus10_shock,administered,6,v0.4-local-sensitivity-1-production_alpha_minus10,14.795505517272174,2700.745717355923,True
3fe2af2736b62092fda7e3d0,local_production_alpha_minus10_shock,administered,7,v0.4-local-sensitivity-1-production_alpha_minus10,22.60208145467499,2706.6633078558616,True
2fee456cd90f9e3b1d45a7f6,local_production_alpha_minus10_shock,administered,8,v0.4-local-sensitivity-1-production_alpha_minus10,7.631366003645645,2796.9843666099187,True
5e75747a6d9060698748d379,local_production_alpha_minus10_shock,administered,9,v0.4-local-sensitivity-1-production_alpha_minus10,12.712454082603587,3044.2064880984776,True
f21bc9b181e9cecbf84be137,local_production_alpha_minus10_shock,market,0,v0.4-local-sensitivity-1-production_alpha_minus10,6.245260749922252,2760.6448376204166,True
eb9241f8a3058ab9fcea452c,local_production_alpha_minus10_shock,market,1,v0.4-local-sensitivity-1-production_alpha_minus10,2.752742737029323,2929.0166226236124,True
0d6bd6e0ed8417c15243556e,local_production_alpha_minus10_shock,market,2,v0.4-local-sensitivity-1-production_alpha_minus10,5.108342957542391,2892.1490970963314,True
1e3e8d3a6e3b5bcff0ae58bf,local_production_alpha_minus10_shock,market,3,v0.4-local-sensitivity-1-production_alpha_minus10,15.823403795314237,2767.0101190248593,True
1affea44f3e490a149734a40,local_production_alpha_minus10_shock,market,4,v0.4-local-sensitivity-1-production_alpha_minus10,16.574859733428323,2641.8903243923305,True
ebff4f304254e8bbed0e96ee,local_production_alpha_minus10_shock,market,5,v0.4-local-sensitivity-1-production_alpha_minus10,14.54242450184515,2817.6227270165264,True
760b5296fe023e604abeac2c,local_production_alpha_minus10_shock,market,6,v0.4-local-sensitivity-1-production_alpha_minus10,10.294556996754638,2692.72838954487,True
4895ae245122acbb38b0318b,local_production_alpha_minus10_shock,market,7,v0.4-local-sensitivity-1-production_alpha_minus10,12.443798850842596,2693.8787050437895,True
a9cb570ba1bf8b55fa2b6618,local_production_alpha_minus10_shock,market,8,v0.4-local-sensitivity-1-production_alpha_minus10,4.812432847196948,2791.8583261644753,True
fd3abd0346cd72010c00150e,local_production_alpha_minus10_shock,market,9,v0.4-local-sensitivity-1-production_alpha_minus10,8.99021637878459,3038.1444464418028,True
9bb450be124f4aad1ee89d73,local_production_alpha_plus10_baseline,administered,0,v0.4-local-sensitivity-1-production_alpha_plus10,11.757124253144337,3160.6577944265086,False
fb81fb73da59bfc534633e9c,local_production_alpha_plus10_baseline,administered,1,v0.4-local-sensitivity-1-production_alpha_plus10,9.54776179036828,2834.8495384100793,False
a2d7188339fccd0cb72df943,local_production_alpha_plus10_baseline,administered,2,v0.4-local-sensitivity-1-production_alpha_plus10,11.36917792379862,3049.8289598743236,False
f8acf7af61752ce534e25428,local_production_alpha_plus10_baseline,administered,3,v0.4-local-sensitivity-1-production_alpha_plus10,6.073944370248574,2967.618346343709,False
453b5a391c50b482c4b82e7e,local_production_alpha_plus10_baseline,administered,4,v0.4-local-sensitivity-1-production_alpha_plus10,7.7871081669853535,3073.2587546735394,False
265918cf5b73e1f95021aa68,local_production_alpha_plus10_baseline,administered,5,v0.4-local-sensitivity-1-production_alpha_plus10,10.587243491989163,3020.8098590385816,False
4d55ea67c3c29cc92ba9191e,local_production_alpha_plus10_baseline,administered,6,v0.4-local-sensitivity-1-production_alpha_plus10,9.266658718712572,3111.9483502856037,False
1c3143d3775b51aaa04dfa93,local_production_alpha_plus10_baseline,administered,7,v0.4-local-sensitivity-1-production_alpha_plus10,15.739654194509574,2944.51595482893,False
ae4590f71afb5cd21a0d1fe2,local_production_alpha_plus10_baseline,administered,8,v0.4-local-sensitivity-1-production_alpha_plus10,1.650866931400895,3126.777389020831,False
4e04e850ffe5cbde707140fd,local_production_alpha_plus10_baseline,administered,9,v0.4-local-sensitivity-1-production_alpha_plus10,15.40289995429703,2362.182989925925,False
16879baf21229b0e31b3f7c6,local_production_alpha_plus10_baseline,market,0,v0.4-local-sensitivity-1-production_alpha_plus10,7.569069138309764,3155.1178239579576,False
a826e9de199fb556074c538a,local_production_alpha_plus10_baseline,market,1,v0.4-local-sensitivity-1-production_alpha_plus10,3.7066634874850295,2829.484916494711,False
88bbe1cec3d0b7aa48dcda36,local_production_alpha_plus10_baseline,market,2,v0.4-local-sensitivity-1-production_alpha_plus10,6.182963884586372,3038.5818949722716,False
5110e09c81ddffdf888b9dfb,local_production_alpha_plus10_baseline,market,3,v0.4-local-sensitivity-1-production_alpha_plus10,3.737811920152971,2961.452145686079,False
83065ef9ee21b3dfee11e03f,local_production_alpha_plus10_baseline,market,4,v0.4-local-sensitivity-1-production_alpha_plus10,1.2147888740497153,3062.7069162549246,False
898cf2b63f49ee25a961ba5b,local_production_alpha_plus10_baseline,market,5,v0.4-local-sensitivity-1-production_alpha_plus10,4.983749226870628,3009.720056994735,False
2433329b86d8a6b0d22939a8,local_production_alpha_plus10_baseline,market,6,v0.4-local-sensitivity-1-production_alpha_plus10,4.2517610591740045,3102.692622286503,False
ed8bed759c7b5006c6ea20df,local_production_alpha_plus10_baseline,market,7,v0.4-local-sensitivity-1-production_alpha_plus10,7.366604325968144,2934.833735434552,False
0d82ffeb17fbb19fd245f79b,local_production_alpha_plus10_baseline,market,8,v0.4-local-sensitivity-1-production_alpha_plus10,0.0,3123.446886878879,False
8eb33113c52c10f000241bbc,local_production_alpha_plus10_baseline,market,9,v0.4-local-sensitivity-1-production_alpha_plus10,4.0337220304984145,2354.219318553705,False
1f2488a9e78e5464e4cd9716,local_production_alpha_plus10_shock,administered,0,v0.4-local-sensitivity-1-production_alpha_plus10,14.698166665184853,3182.553678560388,True
66205f43364234300b1f1727,local_production_alpha_plus10_shock,administered,1,v0.4-local-sensitivity-1-production_alpha_plus10,16.146568784244128,2938.635551630497,True
9f8848078e5481142dfac1b0,local_production_alpha_plus10_shock,administered,2,v0.4-local-sensitivity-1-production_alpha_plus10,13.440548696216721,3052.411736210979,True
18690196aa4bf3badd05d659,local_production_alpha_plus10_shock,administered,3,v0.4-local-sensitivity-1-production_alpha_plus10,9.92856291290633,3013.822663013954,True
65d5d9b6f03eca25fec309b8,local_production_alpha_plus10_shock,administered,4,v0.4-local-sensitivity-1-production_alpha_plus10,10.746209270439788,3084.2702164503953,True
7443ec676989b0af74bbf5a4,local_production_alpha_plus10_shock,administered,5,v0.4-local-sensitivity-1-production_alpha_plus10,15.399476153910612,3033.5278162768427,True
eff9417add13ace0edfab8ba,local_production_alpha_plus10_shock,administered,6,v0.4-local-sensitivity-1-production_alpha_plus10,11.641726709643109,3116.478728630037,True
508f436f7484233365174d67,local_production_alpha_plus10_shock,administered,7,v0.4-local-sensitivity-1-production_alpha_plus10,22.62154922509245,3014.0554230339358,True
683fd0dd25502f698404fc8b,local_production_alpha_plus10_shock,administered,8,v0.4-local-sensitivity-1-production_alpha_plus10,2.1881773949228847,3127.413814466323,True
c0c00c793408f51fd38708e9,local_production_alpha_plus10_shock,administered,9,v0.4-local-sensitivity-1-production_alpha_plus10,21.098589016171186,2564.1918787093355,True
8bf53480f79efc25a2438ecd,local_production_alpha_plus10_shock,market,0,v0.4-local-sensitivity-1-production_alpha_plus10,10.403576511092432,3177.065266712131,True
a51ba077ec99bcd1a7584c3c,local_production_alpha_plus10_shock,market,1,v0.4-local-sensitivity-1-production_alpha_plus10,8.904558188947751,2928.3304774140047,True
888fc44b121f13b7ca9d7012,local_production_alpha_plus10_shock,market,2,v0.4-local-sensitivity-1-production_alpha_plus10,8.970748608367128,3041.871451373286,True
161683d03982e420da0332b9,local_production_alpha_plus10_shock,market,3,v0.4-local-sensitivity-1-production_alpha_plus10,5.303020661717024,3001.66302177239,True
b53f210cad634d0ea650ce38,local_production_alpha_plus10_shock,market,4,v0.4-local-sensitivity-1-production_alpha_plus10,5.248510904548125,3075.357473723642,True
5f64dfff3f1d838704b1fefe,local_production_alpha_plus10_shock,market,5,v0.4-local-sensitivity-1-production_alpha_plus10,8.27380242742194,3021.724886636996,True
2c43f4c292f364e06379e4ed,local_production_alpha_plus10_shock,market,6,v0.4-local-sensitivity-1-production_alpha_plus10,7.888340573156164,3108.335966723096,True
834e4b91d834f9482108f75f,local_production_alpha_plus10_shock,market,7,v0.4-local-sensitivity-1-production_alpha_plus10,15.480771035966882,3005.7097067601558,True
506012ad2fa4abb34c96b0b0,local_production_alpha_plus10_shock,market,8,v0.4-local-sensitivity-1-production_alpha_plus10,0.38935540834926763,3124.0134111157254,True
5bea6fe754922d6e4297a42c,local_production_alpha_plus10_shock,market,9,v0.4-local-sensitivity-1-production_alpha_plus10,11.053800043035706,2555.0050311945,True
a3d87802757e374cc821d3f4,local_risk_price_minus10_baseline,administered,0,v0.4-local-sensitivity-1-risk_price_minus10,5.217362471880188,2906.819923603493,False
ec5d0c2c7fb5fbfa6cf240e6,local_risk_price_minus10_baseline,administered,1,v0.4-local-sensitivity-1-risk_price_minus10,10.69440276926892,2832.5697145955946,False
af6152c38d43475e33b80eaa,local_risk_price_minus10_baseline,administered,2,v0.4-local-sensitivity-1-risk_price_minus10,12.381501985506715,3009.142689071613,False
8f5ba7673768719c4eb9a5ec,local_risk_price_minus10_baseline,administered,3,v0.4-local-sensitivity-1-risk_price_minus10,10.668338188769937,2538.287812783839,False
879fb92c51ede628a3858467,local_risk_price_minus10_baseline,administered,4,v0.4-local-sensitivity-1-risk_price_minus10,15.029118762281733,2757.149344473,False
118da94ca61b2666cd78007e,local_risk_price_minus10_baseline,administered,5,v0.4-local-sensitivity-1-risk_price_minus10,17.40635377702705,2804.7678515779016,False
bcb7480a2dda048835720f1b,local_risk_price_minus10_baseline,administered,6,v0.4-local-sensitivity-1-risk_price_minus10,12.69298631218613,2912.058693883443,False
f3049fe2ce7334014189c659,local_risk_price_minus10_baseline,administered,7,v0.4-local-sensitivity-1-risk_price_minus10,3.737811920152971,2898.167066167774,False
5313277afd02c80984607f6c,local_risk_price_minus10_baseline,administered,8,v0.4-local-sensitivity-1-risk_price_minus10,9.811756290401545,2893.721758923689,False
e131cec04c3a3e6228626f2c,local_risk_price_minus10_baseline,administered,9,v0.4-local-sensitivity-1-risk_price_minus10,15.698810064642476,2650.499126652301,False
8f8c4017eedab5491ccbaa0c,local_risk_price_minus10_baseline,market,0,v0.4-local-sensitivity-1-risk_price_minus10,2.5385972624372255,2899.770587880171,False
dea947b31a754d5500af3756,local_risk_price_minus10_baseline,market,1,v0.4-local-sensitivity-1-risk_price_minus10,3.239436997465908,2823.2005469807436,False
e6fab68f6d18014226ff1663,local_risk_price_minus10_baseline,market,2,v0.4-local-sensitivity-1-risk_price_minus10,2.7410620747788452,2994.8794279894455,False
9f92e04ca4b873308ce8afe0,local_risk_price_minus10_baseline,market,3,v0.4-local-sensitivity-1-risk_price_minus10,6.307557615258136,2536.6795478120957,False
7f3368b1aa98768c9eac0471,local_risk_price_minus10_baseline,market,4,v0.4-local-sensitivity-1-risk_price_minus10,7.382178542302116,2749.8341159394904,False
e92002e135349ba20b1fa627,local_risk_price_minus10_baseline,market,5,v0.4-local-sensitivity-1-risk_price_minus10,12.755283177522008,2799.7404945082967,False
15ff6d9706529b2045d628cf,local_risk_price_minus10_baseline,market,6,v0.4-local-sensitivity-1-risk_price_minus10,7.678088652647561,2905.622885472203,False
17c591846c0e653b583ede55,local_risk_price_minus10_baseline,market,7,v0.4-local-sensitivity-1-risk_price_minus10,0.8410076820344182,2894.0196648121755,False
262394657fdddba38824c7fa,local_risk_price_minus10_baseline,market,8,v0.4-local-sensitivity-1-risk_price_minus10,4.485374304183564,2885.4247694063256,False
f41f6c5a74867bdba0af28ff,local_risk_price_minus10_baseline,market,9,v0.4-local-sensitivity-1-risk_price_minus10,9.188787637042717,2645.029843424227,False
892bd3bc992f0eea82934db0,local_risk_price_minus10_shock,administered,0,v0.4-local-sensitivity-1-risk_price_minus10,6.073944370248577,2909.89392902514,True
5d939db12fdea4a2c3447fd1,local_risk_price_minus10_shock,administered,1,v0.4-local-sensitivity-1-risk_price_minus10,18.055803670160095,2898.5368689880643,True
952596f4dbdebd7fff4e3bd5,local_risk_price_minus10_shock,administered,2,v0.4-local-sensitivity-1-risk_price_minus10,16.39186269150417,3013.0526697335913,True
b689232134ad5466e03870a1,local_risk_price_minus10_shock,administered,3,v0.4-local-sensitivity-1-risk_price_minus10,16.936960263193136,2712.3870172595616,True
cb37e975a9206866a3ddc925,local_risk_price_minus10_shock,administered,4,v0.4-local-sensitivity-1-risk_price_minus10,19.806509622727248,2848.6016954963575,True
caf8b424dae01b6d928d45da,local_risk_price_minus10_shock,administered,5,v0.4-local-sensitivity-1-risk_price_minus10,22.83195770497315,2857.506046900322,True
df6d94ef931cb674ba190cf8,local_risk_price_minus10_shock,administered,6,v0.4-local-sensitivity-1-risk_price_minus10,16.633263044680717,2958.143693657301,True
e8608b599bef30940e6562c5,local_risk_price_minus10_shock,administered,7,v0.4-local-sensitivity-1-risk_price_minus10,4.925345915618236,2899.5451521967016,True
e85c71d32fe0a725048164f7,local_risk_price_minus10_shock,administered,8,v0.4-local-sensitivity-1-risk_price_minus10,13.354890506379883,2898.6806033365438,True
4d3d1f2ef02464d49d7947c9,local_risk_price_minus10_shock,administered,9,v0.4-local-sensitivity-1-risk_price_minus10,22.803542252646288,2751.1601255993914,True
fe59494dec23f71431366ee8,local_risk_price_minus10_shock,market,0,v0.4-local-sensitivity-1-risk_price_minus10,4.87472971253283,2904.847287262396,True
20aec0762acf9653fb7a0be8,local_risk_price_minus10_shock,market,1,v0.4-local-sensitivity-1-risk_price_minus10,10.251727901836214,2887.774560889447,True
abe523d3617aa6ef35589241,local_risk_price_minus10_shock,market,2,v0.4-local-sensitivity-1-risk_price_minus10,8.098592493664766,3002.1447523955017,True
0aa66d1b95a814cf1bacc88b,local_risk_price_minus10_shock,market,3,v0.4-local-sensitivity-1-risk_price_minus10,10.792931919441704,2706.442923166361,True
e69eb382c117a887f9b693e8,local_risk_price_minus10_shock,market,4,v0.4-local-sensitivity-1-risk_price_minus10,13.284806532877013,2840.431647195557,True
315bded5917b289cdb080f6b,local_risk_price_minus10_shock,market,5,v0.4-local-sensitivity-1-risk_price_minus10,17.637799998221823,2851.2262520595496,True
4aedc94f03c9227d4ed46c8a,local_risk_price_minus10_shock,market,6,v0.4-local-sensitivity-1-risk_price_minus10,12.245227592584461,2951.3686217768086,True
8a481352a53f3fc99095e6fc,local_risk_price_minus10_shock,market,7,v0.4-local-sensitivity-1-risk_price_minus10,1.907841500911412,2895.362194491689,True
25a6cdd0e60959989f1286ae,local_risk_price_minus10_shock,market,8,v0.4-local-sensitivity-1-risk_price_minus10,7.794895275152337,2890.8569502277996,True
3e54150d40a57b27e3569e38,local_risk_price_minus10_shock,market,9,v0.4-local-sensitivity-1-risk_price_minus10,16.17771721691207,2744.8154407207635,True
c7620105064dfcf471a44bbf,local_risk_price_plus10_baseline,administered,0,v0.4-local-sensitivity-1-risk_price_plus10,8.456799469346095,2944.008258701023,False
51f555521c13a96b196ae022,local_risk_price_plus10_baseline,administered,1,v0.4-local-sensitivity-1-risk_price_plus10,11.213435760458909,2786.6087838765698,False
5427452c408dbc20bb92173b,local_risk_price_plus10_baseline,administered,2,v0.4-local-sensitivity-1-risk_price_plus10,16.24390763633145,3052.1168954480986,False
9de71e2010adc5a764bfb7f9,local_risk_price_plus10_baseline,administered,3,v0.4-local-sensitivity-1-risk_price_plus10,14.733208651936293,3003.915536296881,False
d53eff1036f3d2b7782304d6,local_risk_price_plus10_baseline,administered,4,v0.4-local-sensitivity-1-risk_price_plus10,14.063517349575546,2967.945152124438,False
6ebd2dbc8a9f73a91d5a2350,local_risk_price_plus10_baseline,administered,5,v0.4-local-sensitivity-1-risk_price_plus10,7.319881676966235,3035.0797479466783,False
89f61a28fef039a13097b141,local_risk_price_plus10_baseline,administered,6,v0.4-local-sensitivity-1-risk_price_plus10,3.420648380337055,2857.4392228503225,False
c4c7eb30d4cc4e7f88d78f04,local_risk_price_plus10_baseline,administered,7,v0.4-local-sensitivity-1-risk_price_plus10,7.164139513626526,3003.485932366243,False
94c11d43541b79be6067a46e,local_risk_price_plus10_baseline,administered,8,v0.4-local-sensitivity-1-risk_price_plus10,9.42240088205228,2994.7722874483034,False
764fe8cf595211352da4d52e,local_risk_price_plus10_baseline,administered,9,v0.4-local-sensitivity-1-risk_price_plus10,4.1738899775041505,2842.2739867470573,False
55c0d3c162a38a0c9f15cf54,local_risk_price_plus10_baseline,market,0,v0.4-local-sensitivity-1-risk_price_plus10,2.429577748099431,2933.6334770141143,False
471024d9292b3c7ad185766d,local_risk_price_plus10_baseline,market,1,v0.4-local-sensitivity-1-risk_price_plus10,5.793608476237104,2778.4096391790536,False
fdea6d3fbb1a181ed59f4f2a,local_risk_price_plus10_baseline,market,2,v0.4-local-sensitivity-1-risk_price_plus10,8.846154877695362,3041.9770686090656,False
a287b4bbc552d70320f32886,local_risk_price_plus10_baseline,market,3,v0.4-local-sensitivity-1-risk_price_plus10,10.94867408278141,3000.2302875936416,False
1e8f0dffb11b9688a869c984,local_risk_price_plus10_baseline,market,4,v0.4-local-sensitivity-1-risk_price_plus10,11.010970948117292,2962.418600984052,False
177a46654fca8d7014ed5685,local_risk_price_plus10_baseline,market,5,v0.4-local-sensitivity-1-risk_price_plus10,4.983749226870628,3030.493364824535,False
67a0829a68f6ff788a594905,local_risk_price_plus10_baseline,market,6,v0.4-local-sensitivity-1-risk_price_plus10,0.6229686533588282,2849.2728930831186,False
28940a03c9cea6c0dfecda82,local_risk_price_plus10_baseline,market,7,v0.4-local-sensitivity-1-risk_price_plus10,4.360780573511799,2994.629012156397,False
226c3aed423fa5663a53898f,local_risk_price_plus10_baseline,market,8,v0.4-local-sensitivity-1-risk_price_plus10,4.60996803485533,2987.5266246305246,False
9d12934441b9182654948ce6,local_risk_price_plus10_baseline,market,9,v0.4-local-sensitivity-1-risk_price_plus10,2.4918746134353134,2836.5408444236173,False
5fbd3a7ae655d1ff713967dc,local_risk_price_plus10_shock,administered,0,v0.4-local-sensitivity-1-risk_price_plus10,11.057693597119203,2949.7847825963577,True
61f11123f1e0fe7df053e655,local_risk_price_plus10_shock,administered,1,v0.4-local-sensitivity-1-risk_price_plus10,16.469733773174024,2855.736438118006,True
568876ec435fb45e26c2b147,local_risk_price_plus10_shock,administered,2,v0.4-local-sensitivity-1-risk_price_plus10,21.541123904526238,3089.48867903655,True
4e8eb1518695c004336795dc,local_risk_price_plus10_shock,administered,3,v0.4-local-sensitivity-1-risk_price_plus10,16.918179037830345,3016.353140142174,True
5824ecc428554ef3bccae34e,local_risk_price_plus10_shock,administered,4,v0.4-local-sensitivity-1-risk_price_plus10,15.574216333970705,2969.818495822948,True
bd1e6e6de0e84e00af415e71,local_risk_price_plus10_shock,administered,5,v0.4-local-sensitivity-1-risk_price_plus10,9.617078586226913,3041.6555355469977,True
468a2ed66fb8975bdf2ec277,local_risk_price_plus10_shock,administered,6,v0.4-local-sensitivity-1-risk_price_plus10,6.657977482772477,2862.996505910987,True
c20056d0c172304affb90802,local_risk_price_plus10_shock,administered,7,v0.4-local-sensitivity-1-risk_price_plus10,10.084305076246032,3007.2357536040276,True
f5bae1d7facaed2680e38742,local_risk_price_plus10_shock,administered,8,v0.4-local-sensitivity-1-risk_price_plus10,11.057693597119206,3004.7621690249425,True
123cfd5bd0283492132ad97b,local_risk_price_plus10_shock,administered,9,v0.4-local-sensitivity-1-risk_price_plus10,7.358817217801159,2846.3945149875235,True
b255e2d17e86785f4c1dfa80,local_risk_price_plus10_shock,market,0,v0.4-local-sensitivity-1-risk_price_plus10,5.517166136309124,2940.471687684044,True
c76e8391773afad6dfe809f7,local_risk_price_plus10_shock,market,1,v0.4-local-sensitivity-1-risk_price_plus10,9.84679827715298,2845.497405077635,True
97f537d3dab5344b2b846880,local_risk_price_plus10_shock,market,2,v0.4-local-sensitivity-1-risk_price_plus10,15.056373640866179,3080.963247239892,True
bee9c164764dea9a78900f6e,local_risk_price_plus10_shock,market,3,v0.4-local-sensitivity-1-risk_price_plus10,13.899988078068855,3012.896114166059,True
967050ad0d37ef95ecaa2b1a,local_risk_price_plus10_shock,market,4,v0.4-local-sensitivity-1-risk_price_plus10,12.552818365180391,2964.3753591983227,True
daa696b066980b1bcb3c2b23,local_risk_price_plus10_shock,market,5,v0.4-local-sensitivity-1-risk_price_plus10,6.482767549015308,3036.251103706767,True
82624b50b8df11f184121930,local_risk_price_plus10_shock,market,6,v0.4-local-sensitivity-1-risk_price_plus10,1.8299704192415585,2852.455198597609,True
a88254c6979214d49161d00e,local_risk_price_plus10_shock,market,7,v0.4-local-sensitivity-1-risk_price_plus10,6.393215805094975,2997.373270670057,True
7d475567f725f0cc3c28d3da,local_risk_price_plus10_shock,market,8,v0.4-local-sensitivity-1-risk_price_plus10,6.914952052282993,2998.81215814313,True
c803c4020d44c99917ac65f9,local_risk_price_plus10_shock,market,9,v0.4-local-sensitivity-1-risk_price_plus10,4.419183884764188,2839.171171639335,True
