run_id,cumulative_new_credit,cumulative_output,unresolved_liquidity_shortfall,mean_unfunded_share,cumulative_consumption,defaults,write_offs,resolution_cost,credit_weighted_productivity,scenario_id,rate_regime,replication
024bfd4c51b8de0ed39d2cf1,16.757856775352487,4467.345241559818,0.0,0.04049242424242414,2741.3667282751167,0,0.0,0.0,1.0522137371049134,h2_h3_baseline,administered,14
0594c5aedd46942ba4095f77,5.929882869159346,4592.441000723982,0.0,0.6142318179708531,3052.7807601244926,0,0.0,0.0,1.1334692561933555,h3_positive_demand,market,10
05ca98644d43c8f5d512a10e,21.92736900464482,4578.761678411936,0.0,0.04398910904099601,2843.784251046069,0,0.0,0.0,1.164672312475397,h2_h3_baseline,administered,1
06e9641a95b1be89d30dc366,9.959711345574268,4842.321174713009,0.0,0.6703141801388176,2909.7655386896076,0,0.0,0.0,1.2089923606892417,h3_positive_demand,market,0
070b667232f92b3fd7d46c52,17.516552207840707,4519.743995729163,0.0,0.04705789512774803,2952.424225935232,0,0.0,0.0,1.107856312151183,h3_positive_demand,administered,13
105b628e41d15939bcbaa359,23.563789313297686,4681.089948776201,0.0,0.022334008584008556,2931.294852277522,0,0.0,0.0,1.129947430367777,h3_positive_demand,administered,7
17e26a7d15dbb127c8cbeb34,4.718987549193124,4500.46848221517,0.0,0.6497210520263945,2864.717580390697,0,0.0,0.0,1.3104090854136348,h2_h3_baseline,market,13
1eb27a799ac47358dc250369,18.346426841417497,4478.299377510793,0.0,0.035466269841269764,2754.4229394654135,0,0.0,0.0,1.0804507171928246,h2_h3_baseline,administered,3
2a4ccb1324d8897002b1554e,19.8882742584806,4571.381555211191,0.0,0.04039166171519104,2799.6673498047294,0,0.0,0.0,1.0274523525569321,h2_h3_baseline,administered,8
2b9d7629182f7250c8c35712,22.932183707138524,4860.362707367176,0.0,0.010329301924129503,2842.410499561022,0,0.0,0.0,1.119756438057207,h2_h3_baseline,administered,0
2f922ed94bd181d9510c4674,21.453483000044653,4538.826983844196,0.0,0.3848845224248582,2735.9615392001274,0,0.0,0.0,1.0649957776799608,h3_positive_demand,market,12
343d732c711bae1bb5570b42,11.727384899479945,4442.2879949608405,0.0,0.6646367285846307,2696.383567391333,0,0.0,0.0,1.1149709927915756,h2_h3_baseline,market,16
34c9deda225cd7b82f4c4ca3,18.085558717823485,4456.79733423227,0.0,0.5724759676438562,2782.307204382989,0,0.0,0.0,1.10015614347671,h3_positive_demand,market,16
358327efee3916f7b09f3b32,10.029795319077136,4570.72469227116,0.0,0.5493941475191475,2576.934498916121,0,0.0,0.0,1.1895001869963584,h2_h3_baseline,market,4
4033a0ab6a144416fb8f4887,31.506639643622744,4441.672561840576,0.0,0.017086995717827354,2473.0982078696525,0,0.0,0.0,1.1019664674271439,h3_positive_demand,administered,2
456d90a214dbc2b1fae5229a,8.3477799550083,4456.866933754019,0.0,0.47562441489707785,2736.581052019195,0,0.0,0.0,1.1001384630990467,h2_h3_baseline,market,14
46e261672aa6a768f6d17a19,26.934893055315772,4347.354221262953,0.0,0.03255312902147788,2312.3052845856223,0,0.0,0.0,1.1050745001728557,h2_h3_baseline,administered,2
4a4431a4f82796cde2fe4dfb,26.1607898869873,4450.455805222276,0.0,0.012933455433455402,2811.645758720882,0,0.0,0.0,1.021921747124858,h3_positive_demand,administered,18
50877cb09c987de5b752da63,15.418474170631004,4696.817386669963,0.0,0.009259259259259236,2999.076048700146,0,0.0,0.0,1.0311494507490804,h3_positive_demand,administered,17
53b9fb00bd0e447904306da5,7.413326974970057,4687.857394613978,0.0,0.4996362433862433,2917.67010723978,0,0.0,0.0,1.080718976853126,h2_h3_baseline,market,17
54f741aabb7f8e8c2aa639d1,6.743635672609316,4521.730694260362,0.0,0.5752702975129446,3165.9916109231626,0,0.0,0.0,1.2082497603003879,h3_positive_demand,market,9
58db8d432564972c29ccc1e4,20.37107496483369,4673.562379358312,0.0,0.020576562168697538,2848.654627663682,0,0.0,0.0,1.123093061331742,h2_h3_baseline,administered,7
5ad0c0d132797bd435eb90c2,12.805899380607416,4567.145294234427,0.0,0.48039767422120355,2873.851508339066,0,0.0,0.0,1.0765274202032795,h3_positive_demand,market,8
5d2ca92257309e120b2c8e59,34.08860698971607,4551.149108646862,0.0,0.03163438096036131,2858.0337284293923,0,0.0,0.0,1.0326137045103894,h2_h3_baseline,administered,19
685b776fb4297f96dd505bf9,13.627439292224372,4694.801194871962,0.0,0.018518518518518472,2921.558619286522,0,0.0,0.0,1.038864105815427,h2_h3_baseline,administered,17
69e0d234f661b74926da47c8,22.73056873943025,4630.530965043459,0.0,0.46214349743357963,2709.563621259003,0,0.0,0.0,1.1391849567162498,h3_positive_demand,market,5
6b3c100889a6c409e15bf959,9.765033641399635,4661.97106168843,0.0,0.6016002121928211,2922.230348247696,0,0.0,0.0,1.171459802765785,h3_positive_demand,market,7
6ef0bac4d8f4140e6828c37c,25.91549597972726,4616.849094222717,0.0,0.033510101010100955,2691.7988662552934,0,0.0,0.0,1.1227868889459727,h3_positive_demand,administered,4
749b6270f08e95d7038ea3a0,7.222542824878915,4505.741906583923,0.0,0.552164936111926,2945.139183441266,0,0.0,0.0,1.2765817339060297,h3_positive_demand,market,13
759bfbe0e3974f8f054ca1c3,28.734429136175958,4847.756272165571,0.0,0.006578947368421036,3051.288637859641,0,0.0,0.0,1.1121450601539846,h3_positive_demand,administered,15
7b3798feaf80c0a757fca2c7,23.96482538389743,4520.322342173142,0.0,0.06372446997446984,3066.3419525427503,0,0.0,0.0,0.9919090949207756,h3_positive_demand,administered,11
7cc809af418da6fbebbb77f8,14.464553420175296,4436.436339464413,0.0,0.48653432532736146,2804.079580698123,0,0.0,0.0,1.0531305773064235,h3_positive_demand,market,18
7d9b6819683b31ee48d6c732,32.20747937865143,4617.387526543944,0.0,0.01227374636857395,2613.2688813090986,0,0.0,0.0,1.0756460940010342,h2_h3_baseline,administered,5
80afaa8dc7acab6fb439c369,5.232936688214158,4834.07566057367,0.0,0.8574848325407034,2830.264423903101,0,0.0,0.0,1.2059214480612284,h2_h3_baseline,market,0
84cd1d79910e958561d945c2,8.56581898368389,4415.0934739244085,0.0,0.5142859752306741,2580.590602273542,0,0.0,0.0,1.2605250742058498,h2_h3_baseline,market,6
85b66285981e64c3c23f5687,18.252981543413675,4524.387987688758,0.0,0.39969613768151985,2647.39123256787,0,0.0,0.0,1.0795513662971603,h2_h3_baseline,market,12
8b62962cf0e2f3e7f7364fb6,8.067444060996827,4464.476749949816,0.0,0.4985243844139979,2747.9658450611887,0,0.0,0.0,1.193609389188969,h2_h3_baseline,market,3
8e4adf52335bef55b16ea283,10.045369535411108,4560.2036563915,0.0,0.5414381383866678,2793.5174735169926,0,0.0,0.0,1.0951519799665972,h2_h3_baseline,market,8
911b4bdceca4fec26635e89d,38.22302043764761,4481.053679649142,0.0,0.018849206349206348,2795.7369674184215,0,0.0,0.0,1.0300128694747435,h3_positive_demand,administered,16
919026041682b8d8a86fc846,15.295401379603655,4605.716629765364,0.0,0.0573105448273331,2979.8339755460934,0,0.0,0.0,1.1085383755064768,h2_h3_baseline,administered,10
92fbc1db6782a395a6e4eb69,21.72603178588914,4517.6849605607495,0.0,0.07716870031855991,2986.701088925038,0,0.0,0.0,0.9983838887589861,h2_h3_baseline,administered,11
985ff2a425aaf7e11d9ec14c,15.075841411283648,4515.115244183443,0.0,0.05122456179441468,2871.808672449153,0,0.0,0.0,1.1211789888705763,h2_h3_baseline,administered,13
9927d96eb64e22380f812349,10.247834347752727,4505.162597336759,0.0,0.5788171319421319,2979.393980110751,0,0.0,0.0,1.0770671104625298,h2_h3_baseline,market,11
9a16e2cc655f22837a9cf15f,11.497665208553876,4445.555042067716,0.0,0.5029132738579726,2690.774226054251,0,0.0,0.0,1.226664213546843,h3_positive_demand,market,6
9d457c2a1c202147ec829ce0,11.010970948117292,4522.089301066317,0.0,0.7271561699505648,2842.766849251454,0,0.0,0.0,1.0984301276987485,h2_h3_baseline,market,19
a10de96c0cb2189a110f8665,16.773430991686457,4600.473794836999,0.0,0.47508893006737823,2605.7360055035856,0,0.0,0.0,1.166468817794349,h2_h3_baseline,market,5
a642fd6d4a2607ea87004457,4.298483708175914,4517.9970888035,0.0,0.6195262498938969,3083.8716752071796,0,0.0,0.0,1.2129782228211317,h2_h3_baseline,market,9
a766fb0885c10241bc11a866,10.633296202018501,4467.310368910095,0.0,0.42598014948014934,2823.6878617841944,0,0.0,0.0,1.102272724342367,h3_positive_demand,market,14
af77d806ad4b8b702785b1ae,13.206935451207162,4508.883173866742,0.0,0.5130366161616161,3059.4276297062743,0,0.0,0.0,1.0477473336417475,h3_positive_demand,market,11
b1850cdd01e55f5928f908f0,13.82990410456599,4567.585038586279,0.0,0.3624718799718798,2838.2335272144423,0,0.0,0.0,1.252267086207365,h2_h3_baseline,market,1
b1d89624bb212b8f1d4f162a,24.981136566991104,4843.129902568639,0.0,0.007559339525283774,2971.1899142461466,0,0.0,0.0,1.1172465998657377,h2_h3_baseline,administered,15
b3c5109b5931d8b0ef57db06,31.164006884275395,4539.858363196598,0.0,0.025649235821649533,2654.736916106696,0,0.0,0.0,1.030604425538096,h2_h3_baseline,administered,12
b4790e0dcba48e7783b3ba8d,16.224439865913986,4529.016700193235,0.0,0.6481225662421314,2920.8583483776897,0,0.0,0.0,1.0794329333383677,h3_positive_demand,market,19
b5151dd9824fd2abf6fdaaca,5.637866312897397,4652.202230208097,0.0,0.7666795772721863,2839.011813615424,0,0.0,0.0,1.1554546201489533,h2_h3_baseline,market,7
b69b8d7484cc49690c9e03de,17.330209225625907,4536.0177007932225,0.0,0.024594907407407374,3173.2841557546058,0,0.0,0.0,1.0927015513815528,h3_positive_demand,administered,9
b6f52373e961f7bb5148f665,30.974876620707573,4466.63255643674,0.0,0.033006636562671034,2708.3728047753507,0,0.0,0.0,1.0399494569108556,h2_h3_baseline,administered,16
b990031e2d95eabc0978fe2b,13.938923618903786,4828.141893889959,0.0,0.4359688313635681,2963.7251605711945,0,0.0,0.0,1.1721664996521335,h2_h3_baseline,market,15
ba33b43965506a2442980146,10.185537482416844,4691.385491999112,0.0,0.38697089947089935,2995.810472681839,0,0.0,0.0,1.06567645983958,h3_positive_demand,market,17
bd1218e0c772ce45945bd268,39.63248701587196,4649.8409411771045,0.0,0.003999999999999996,2719.6572090147483,0,0.0,0.0,1.0623517972537062,h3_positive_demand,administered,5
c7f104c489e610d939092ee8,21.24323107953605,4429.82968841982,0.0,0.033442997026732375,2586.270656996122,0,0.0,0.0,1.1037957258711542,h2_h3_baseline,administered,6
c8d414f61cdd84e42a90494a,16.960321587694104,4572.603231194973,0.0,0.33169941169941153,2916.3273442638574,0,0.0,0.0,1.2275352550473861,h3_positive_demand,market,1
c9b5966ace1b519f4f9c4458,22.61906073796087,4443.435468962799,0.0,0.019065830836577407,2731.5661465515714,0,0.0,0.0,1.0253450342566128,h2_h3_baseline,administered,18
d27d45ca20db282eefa26a0b,3.550921324145321,4588.245360255567,0.0,0.7636465005105356,2971.818187385506,0,0.0,0.0,1.1455067380842785,h2_h3_baseline,market,10
d30c6155c5ef38fbc6f1051b,21.67930913688723,4584.3447306013395,0.0,0.05727483164983155,2582.0791194789917,0,0.0,0.0,1.1155792081001754,h2_h3_baseline,administered,4
d33fcd48440968b943e98c53,9.912988696572356,4474.236617352355,0.0,0.5604846742439142,2836.1761576092517,0,0.0,0.0,1.1719645262512453,h3_positive_demand,market,3
d77bad7e05d6badbca4ceae0,14.857802382608057,4603.601453395351,0.0,0.42660831067081056,2686.0500612215264,0,0.0,0.0,1.1960616789836769,h3_positive_demand,market,4
dd19ef7175202bf2c734497a,39.827164720046596,4557.920605130196,0.0,0.02247835497835496,2936.778398989178,0,0.0,0.0,1.0266913274660376,h3_positive_demand,administered,19
de69cc7967c2d5d38ca83cb3,22.718888077179773,4577.861618018019,0.0,0.018716577540106905,2880.124721304871,0,0.0,0.0,1.0159187216812355,h3_positive_demand,administered,8
eb3eec85271e1725cdcdf1ee,19.639086797137065,4432.0501699906545,0.0,0.33928271715998676,2469.2346858480273,0,0.0,0.0,1.1867593354518564,h3_positive_demand,market,2
ec38865e75052de5f9635627,28.39197413774675,4868.922155385604,0.0,0.010329301924129503,2922.597558621662,0,0.0,0.0,1.1290296747069097,h3_positive_demand,administered,0
ecba0f58f9cf1a8cd3b7a4b9,17.11606375103381,4832.920454955358,0.0,0.42171927935309106,3043.432066640517,0,0.0,0.0,1.1643347289623973,h3_positive_demand,market,15
ef3e6608fea8be116014eed8,15.044692978615707,4339.695170957519,0.0,0.41119892566481764,2310.12493051325,0,0.0,0.0,1.1983564278268806,h2_h3_baseline,market,2
efdd1f6a817ffe8e0ccd0a6e,19.36653801129258,4478.059227258997,0.0,0.0294970538720538,2828.8464663841637,0,0.0,0.0,1.0586248348032568,h3_positive_demand,administered,14
f14950a3bdfb663bc02d9afa,22.940820659938858,4491.111927845996,0.0,0.025347222222222174,2844.8371156721264,0,0.0,0.0,1.0746013617240375,h3_positive_demand,administered,3
f1e5df85d6c23d19768ae668,25.876560438892334,4463.734570741798,0.0,0.027460091043826417,2699.397521768033,0,0.0,0.0,1.0966399758222323,h3_positive_demand,administered,6
f2039b782dffebbe211c2404,14.079091565909522,4532.0806082717045,0.0,0.024594907407407374,3090.7690126588277,0,0.0,0.0,1.081303262659911,h2_h3_baseline,administered,9
f365081ace9bc875c40f2d94,25.21465624469858,4583.77976278765,0.0,0.040102486404373375,2921.9754994049067,0,0.0,0.0,1.1645349085822676,h3_positive_demand,administered,1
f4a759a22ed15b5223755acc,34.79669284417406,4555.303807647077,0.0,0.019980558094148313,2744.285680858263,0,0.0,0.0,1.0294926819945946,h3_positive_demand,administered,12
f5f876b953f8730086976292,16.78663259358135,4608.523611668433,0.0,0.04430459244638072,3060.3053598552574,0,0.0,0.0,1.1042920780297176,h3_positive_demand,administered,10
f97830dd8b1126cef1a6ee7d,10.668338188769937,4428.603393948402,0.0,0.5588706196671883,2723.8642197948166,0,0.0,0.0,1.0665406705829477,h2_h3_baseline,market,18
