run_id,scenario_id,rate_regime,cumulative_consumption,defaults,write_offs,resolution_cost
024bfd4c51b8de0ed39d2cf1,h2_h3_baseline,administered,2741.3667282751167,0,0.0,0.0
0594c5aedd46942ba4095f77,h3_positive_demand,market,3052.7807601244926,0,0.0,0.0
05ca98644d43c8f5d512a10e,h2_h3_baseline,administered,2843.784251046069,0,0.0,0.0
06e9641a95b1be89d30dc366,h3_positive_demand,market,2909.7655386896076,0,0.0,0.0
070b667232f92b3fd7d46c52,h3_positive_demand,administered,2952.424225935232,0,0.0,0.0
105b628e41d15939bcbaa359,h3_positive_demand,administered,2931.294852277522,0,0.0,0.0
17e26a7d15dbb127c8cbeb34,h2_h3_baseline,market,2864.717580390697,0,0.0,0.0
1eb27a799ac47358dc250369,h2_h3_baseline,administered,2754.4229394654135,0,0.0,0.0
2a4ccb1324d8897002b1554e,h2_h3_baseline,administered,2799.6673498047294,0,0.0,0.0
2b9d7629182f7250c8c35712,h2_h3_baseline,administered,2842.410499561022,0,0.0,0.0
2f922ed94bd181d9510c4674,h3_positive_demand,market,2735.9615392001274,0,0.0,0.0
343d732c711bae1bb5570b42,h2_h3_baseline,market,2696.383567391333,0,0.0,0.0
34c9deda225cd7b82f4c4ca3,h3_positive_demand,market,2782.307204382989,0,0.0,0.0
358327efee3916f7b09f3b32,h2_h3_baseline,market,2576.934498916121,0,0.0,0.0
4033a0ab6a144416fb8f4887,h3_positive_demand,administered,2473.0982078696525,0,0.0,0.0
456d90a214dbc2b1fae5229a,h2_h3_baseline,market,2736.581052019195,0,0.0,0.0
46e261672aa6a768f6d17a19,h2_h3_baseline,administered,2312.3052845856223,0,0.0,0.0
4a4431a4f82796cde2fe4dfb,h3_positive_demand,administered,2811.645758720882,0,0.0,0.0
50877cb09c987de5b752da63,h3_positive_demand,administered,2999.076048700146,0,0.0,0.0
53b9fb00bd0e447904306da5,h2_h3_baseline,market,2917.67010723978,0,0.0,0.0
54f741aabb7f8e8c2aa639d1,h3_positive_demand,market,3165.9916109231626,0,0.0,0.0
58db8d432564972c29ccc1e4,h2_h3_baseline,administered,2848.654627663682,0,0.0,0.0
5ad0c0d132797bd435eb90c2,h3_positive_demand,market,2873.851508339066,0,0.0,0.0
5d2ca92257309e120b2c8e59,h2_h3_baseline,administered,2858.0337284293923,0,0.0,0.0
685b776fb4297f96dd505bf9,h2_h3_baseline,administered,2921.558619286522,0,0.0,0.0
69e0d234f661b74926da47c8,h3_positive_demand,market,2709.563621259003,0,0.0,0.0
6b3c100889a6c409e15bf959,h3_positive_demand,market,2922.230348247696,0,0.0,0.0
6ef0bac4d8f4140e6828c37c,h3_positive_demand,administered,2691.7988662552934,0,0.0,0.0
749b6270f08e95d7038ea3a0,h3_positive_demand,market,2945.139183441266,0,0.0,0.0
759bfbe0e3974f8f054ca1c3,h3_positive_demand,administered,3051.288637859641,0,0.0,0.0
7b3798feaf80c0a757fca2c7,h3_positive_demand,administered,3066.3419525427503,0,0.0,0.0
7cc809af418da6fbebbb77f8,h3_positive_demand,market,2804.079580698123,0,0.0,0.0
7d9b6819683b31ee48d6c732,h2_h3_baseline,administered,2613.2688813090986,0,0.0,0.0
80afaa8dc7acab6fb439c369,h2_h3_baseline,market,2830.264423903101,0,0.0,0.0
84cd1d79910e958561d945c2,h2_h3_baseline,market,2580.590602273542,0,0.0,0.0
85b66285981e64c3c23f5687,h2_h3_baseline,market,2647.39123256787,0,0.0,0.0
8b62962cf0e2f3e7f7364fb6,h2_h3_baseline,market,2747.9658450611887,0,0.0,0.0
8e4adf52335bef55b16ea283,h2_h3_baseline,market,2793.5174735169926,0,0.0,0.0
911b4bdceca4fec26635e89d,h3_positive_demand,administered,2795.7369674184215,0,0.0,0.0
919026041682b8d8a86fc846,h2_h3_baseline,administered,2979.8339755460934,0,0.0,0.0
92fbc1db6782a395a6e4eb69,h2_h3_baseline,administered,2986.701088925038,0,0.0,0.0
985ff2a425aaf7e11d9ec14c,h2_h3_baseline,administered,2871.808672449153,0,0.0,0.0
9927d96eb64e22380f812349,h2_h3_baseline,market,2979.393980110751,0,0.0,0.0
9a16e2cc655f22837a9cf15f,h3_positive_demand,market,2690.774226054251,0,0.0,0.0
9d457c2a1c202147ec829ce0,h2_h3_baseline,market,2842.766849251454,0,0.0,0.0
a10de96c0cb2189a110f8665,h2_h3_baseline,market,2605.7360055035856,0,0.0,0.0
a642fd6d4a2607ea87004457,h2_h3_baseline,market,3083.8716752071796,0,0.0,0.0
a766fb0885c10241bc11a866,h3_positive_demand,market,2823.6878617841944,0,0.0,0.0
af77d806ad4b8b702785b1ae,h3_positive_demand,market,3059.4276297062743,0,0.0,0.0
b1850cdd01e55f5928f908f0,h2_h3_baseline,market,2838.2335272144423,0,0.0,0.0
b1d89624bb212b8f1d4f162a,h2_h3_baseline,administered,2971.1899142461466,0,0.0,0.0
b3c5109b5931d8b0ef57db06,h2_h3_baseline,administered,2654.736916106696,0,0.0,0.0
b4790e0dcba48e7783b3ba8d,h3_positive_demand,market,2920.8583483776897,0,0.0,0.0
b5151dd9824fd2abf6fdaaca,h2_h3_baseline,market,2839.011813615424,0,0.0,0.0
b69b8d7484cc49690c9e03de,h3_positive_demand,administered,3173.2841557546058,0,0.0,0.0
b6f52373e961f7bb5148f665,h2_h3_baseline,administered,2708.3728047753507,0,0.0,0.0
b990031e2d95eabc0978fe2b,h2_h3_baseline,market,2963.7251605711945,0,0.0,0.0
ba33b43965506a2442980146,h3_positive_demand,market,2995.810472681839,0,0.0,0.0
bd1218e0c772ce45945bd268,h3_positive_demand,administered,2719.6572090147483,0,0.0,0.0
c7f104c489e610d939092ee8,h2_h3_baseline,administered,2586.270656996122,0,0.0,0.0
c8d414f61cdd84e42a90494a,h3_positive_demand,market,2916.3273442638574,0,0.0,0.0
c9b5966ace1b519f4f9c4458,h2_h3_baseline,administered,2731.5661465515714,0,0.0,0.0
d27d45ca20db282eefa26a0b,h2_h3_baseline,market,2971.818187385506,0,0.0,0.0
d30c6155c5ef38fbc6f1051b,h2_h3_baseline,administered,2582.0791194789917,0,0.0,0.0
d33fcd48440968b943e98c53,h3_positive_demand,market,2836.1761576092517,0,0.0,0.0
d77bad7e05d6badbca4ceae0,h3_positive_demand,market,2686.0500612215264,0,0.0,0.0
dd19ef7175202bf2c734497a,h3_positive_demand,administered,2936.778398989178,0,0.0,0.0
de69cc7967c2d5d38ca83cb3,h3_positive_demand,administered,2880.124721304871,0,0.0,0.0
eb3eec85271e1725cdcdf1ee,h3_positive_demand,market,2469.2346858480273,0,0.0,0.0
ec38865e75052de5f9635627,h3_positive_demand,administered,2922.597558621662,0,0.0,0.0
ecba0f58f9cf1a8cd3b7a4b9,h3_positive_demand,market,3043.432066640517,0,0.0,0.0
ef3e6608fea8be116014eed8,h2_h3_baseline,market,2310.12493051325,0,0.0,0.0
efdd1f6a817ffe8e0ccd0a6e,h3_positive_demand,administered,2828.8464663841637,0,0.0,0.0
f14950a3bdfb663bc02d9afa,h3_positive_demand,administered,2844.8371156721264,0,0.0,0.0
f1e5df85d6c23d19768ae668,h3_positive_demand,administered,2699.397521768033,0,0.0,0.0
f2039b782dffebbe211c2404,h2_h3_baseline,administered,3090.7690126588277,0,0.0,0.0
f365081ace9bc875c40f2d94,h3_positive_demand,administered,2921.9754994049067,0,0.0,0.0
f4a759a22ed15b5223755acc,h3_positive_demand,administered,2744.285680858263,0,0.0,0.0
f5f876b953f8730086976292,h3_positive_demand,administered,3060.3053598552574,0,0.0,0.0
f97830dd8b1126cef1a6ee7d,h2_h3_baseline,market,2723.8642197948166,0,0.0,0.0
